country_iso3,year,plans
ABW,2025,"[""Venezuela Regional Refugee and Migrant Response Plan (RMRP) 2025""]"
NGA,2024,"[""Nigeria Humanitarian Response Plan 2024""]"
ZWE,2021,"[""Zimbabwe Humanitarian Response Plan 2021""]"
PHL,2013,"[""Philippines Mindanao Action Plan 2013""]"
KEN,2012,"[""2012+ Kenya Emergency Humanitarian Response Plan""]"
DOM,2025,"[""Venezuela Regional Refugee and Migrant Response Plan (RMRP) 2025""]"
UKR,2015,"[""Ukraine Strategic Response Plan 2015""]"
JOR,2014,"[""Syria Regional Refugee Response Plan 2014""]"
MMR,2013,"[""Myanmar - Rakhine Response Plan 2012-2013 (July 2012 - December 2013)"",""Myanmar - Kachin Response Plan 2013 (March - December 2013)""]"
KEN,2011,"[""2011+ Kenya Emergency Humanitarian Response Plan""]"
NAM,2009,"[""Namibia Flash Appeal (Revised) (March - November 2009)""]"
AFG,2008,"[""Afghanistan Joint Emergency Appeal 2008: High Food Price and Drought Crisis (July 2008 - June 2009)"",""Afghanistan Joint Appeal 2008: Humanitarian Consequences of Rise in Food Prices (February - June 2008)""]"
KEN,2004,"[""Kenya  2004""]"
LTU,2025,"[""Ukraine Situation Regional Refugee Response Plan 2025""]"
LTU,2023,"[""Ukraine Situation Regional Refugee Response Plan 2023""]"
MLI,2023,"[""Mali Plan de Réponse Humanitaire 2023""]"
VUT,2015,"[""Vanuatu Emergency Response Plan for Tropical Cyclone PAM 2015""]"
UGA,2009,"[""Uganda 2009""]"
RUS,2006,"[""North Caucasus Transitional Workplan 2006""]"
ECU,2025,"[""Venezuela Regional Refugee and Migrant Response Plan (RMRP) 2025""]"
SOM,2024,"[""Somalia Humanitarian Needs and Response Plan 2024"",""Regional Migrant Response Plan for Horn of Africa to Yemen and Southern Africa 2024""]"
ABW,2021,"[""Venezuela Regional Refugee and Migrant Response Plan (RMRP) 2021""]"
MLI,2010,"[""West Africa 2010""]"
SYR,2014,"[""Syria Humanitarian Assistance Response Plan 2014""]"
LSO,2012,"[""Lesotho Food Insecurity (September 2012 - March 2013)""]"
CIV,2012,"[""Cote d'Ivoire 2012""]"
SLE,2009,"[""West Africa 2009""]"
COD,2003,"[""Democratic Republic of the Congo 2003""]"
NER,2026,"[""Niger Besoins Humanitaires et Plan de Réponse 2026""]"
YEM,2021,"[""Regional Migrant Response Plan for the Horn of Africa and Yemen 2021"",""Yemen Humanitarian Response Plan 2021""]"
SOM,2005,"[""Somalia 2005""]"
SEN,2015,"[""Sahel Region Call for Humanitarian Aid 2015"",""Sénégal Plan de Réponse Stratégique 2015""]"
IRQ,2015,"[""Syrian Arab Republic Regional Refugee and Resilience Plan (3RP) 2015"",""Iraq Strategic Response Plan 2015""]"
GTM,2010,"[""Guatemala Food Insecurity and Acute Malnutrition Appeal 2010"",""Guatemala Flash Appeal (Revised) (June - December 2010)""]"
GIN,2003,"[""Guinea 2003""]"
MEX,2026,"[""Venezuela Regional Refugee and Migrant Response Plan (RMRP) 2026""]"
VEN,2023,"[""Venezuela Plan de Respuesta Humanitaria 2023""]"
PSE,2018,"[""Occupied Palestinian Territory Humanitarian Response Strategy 2018""]"
LBN,2013,"[""Syria Regional Refugee Response Plan (RRP) 2013""]"
TJK,2001,"[""Tajikistan 2001""]"
PAK,2026,"[""Pakistan Floods Support Plan 2026""]"
COD,2014,"[""République Démocratique du Congo Plan de Réponse Stratégique 2014""]"
PRK,2012,"[""Korea DPR Overview of Needs and Assistance 2012""]"
GIN,2010,"[""West Africa 2010""]"
LBN,2010,"[""Regional Response Plan for Iraqi Refugees 2010""]"
SEN,2009,"[""West Africa 2009""]"
UKR,2023,"[""Ukraine Humanitarian Response Plan 2023""]"
TZA,2023,"[""Democratic Republic of the Congo Regional Refugee Response Plan 2023""]"
NER,2010,"[""West Africa 2010""]"
SYR,2009,"[""Syria Drought Response Plan (Revised) (July 2009 - June 2010)""]"
UGA,2014,"[""South Sudan Regional Refugee Response Plan 2014""]"
COG,2002,"[""Republic of Congo 2002""]"
BOL,2026,"[""Venezuela Regional Refugee and Migrant Response Plan (RMRP) 2026""]"
GUY,2025,"[""Venezuela Regional Refugee and Migrant Response Plan (RMRP) 2025""]"
KEN,2014,"[""South Sudan Regional Refugee Response Plan 2014""]"
SOM,2013,"[""Somalia 2013""]"
MDG,2021,"[""Madagascar Grand Sud Flash Appeal 2021""]"
AFG,2015,"[""Afghanistan Strategic Response Plan 2015""]"
LSO,2003,"[""Humanitarian Crisis in Southern Africa - LESOTHO (July 2003 - June 2004)""]"
KEN,2026,"[""Regional Migrant Response Plan for Horn of Africa to Yemen and Southern Africa 2026""]"
PRK,2017,"[""DPR Korea Needs and Priorities 2017""]"
AGO,2025,"[""Democratic Republic of the Congo Regional Refugee Response Plan 2025""]"
AFG,2017,"[""Afghanistan Humanitarian Response Plan 2017""]"
SLE,2010,"[""West Africa 2010""]"
CZE,2025,"[""Ukraine Situation Regional Refugee Response Plan 2025""]"
SVK,2024,"[""Ukraine Situation Regional Refugee Response Plan 2024""]"
GTM,2024,"[""Guatemala Plan de Respuesta Humanitaria 2024""]"
ECU,2024,"[""Venezuela Regional Refugee and Migrant Response Plan (RMRP) 2024""]"
LBY,2017,"[""Libya Humanitarian Response Plan 2017""]"
BEN,2007,"[""West Africa 2007""]"
PHL,2006,"[""Philippines 2006 Typhoon Appeal""]"
AFG,2004,"[""Afghanistan UN-Government Drought Appeal 2004""]"
PSE,2026,"[""Escalation of Hostilities in the OPT Flash Appeal 2026""]"
PAK,2022,"[""Afghanistan Situation Regional Refugee Response Plan 2022"",""Pakistan Floods Response Plan 2022""]"
IRN,2020,"[""GHRP (COVID) Unallocated supplementary NGO envelope 2020"",""GHRP (COVID) Famine Prevention 2020"",""GHRP (COVID) Global Humanitarian Response Plan 2020"",""Iran Intersectoral COVID-19 Response Plan 2020""]"
GIN,2004,"[""Guinea 2004""]"
TCD,2024,"[""Tchad Besoins Humanitaires et Plan de Réponse 2024""]"
YEM,2023,"[""Yemen Humanitarian Response Plan 2023""]"
ETH,2020,"[""GHRP (COVID) Unallocated supplementary NGO envelope 2020"",""South Sudan Regional Refugee Response Plan 2020"",""Regional Migrant Response Plan for the Horn of Africa and Yemen 2020"",""GHRP (COVID) Famine Prevention 2020"",""Ethiopia Humanitarian Response Plan 2020"",""GHRP (COVID) Global Humanitarian Response Plan 2020""]"
PRY,2019,"[""Venezuela Regional Refugee and Migrant Response Plan (RMRP) 2019""]"
MRT,2017,"[""Mauritanie Plan de Réponse Humanitaire 2017""]"
PSE,2011,"[""occupied Palestinian territory 2011""]"
GIN,2008,"[""West Africa 2008""]"
COD,2008,"[""Democratic Republic of the Congo 2008 Humanitarian Action Plan""]"
SYR,2024,"[""Inter-Agency Emergency Appeal for the Influx from Lebanon to Syria 2024"",""Syrian Arab Republic Humanitarian Response Plan 2024""]"
URY,2022,"[""Venezuela Regional Refugee and Migrant Response Plan (RMRP) 2022""]"
KEN,2020,"[""South Sudan Regional Refugee Response Plan 2020"",""Kenya Intersectoral COVID-19 Response Plan 2020"",""GHRP (COVID) Global Humanitarian Response Plan 2020"",""GHRP (COVID) Famine Prevention 2020"",""GHRP (COVID) Unallocated supplementary NGO envelope 2020""]"
IRQ,2008,"[""Iraq 2008""]"
LBN,2026,"[""Syrian Arab Republic Regional Refugee and Resilience Plan (3RP) 2026""]"
KEN,2025,"[""Regional Migrant Response Plan for Horn of Africa to Yemen and Southern Africa 2025"",""South Sudan Regional Refugee Response Plan 2025""]"
MMR,2020,"[""GHRP (COVID) Unallocated supplementary NGO envelope 2020"",""Myanmar Humanitarian Response Plan 2020"",""GHRP (COVID) Global Humanitarian Response Plan 2020"",""GHRP (COVID) Famine Prevention 2020""]"
BRA,2020,"[""GHRP (COVID) Global Humanitarian Response Plan 2020"",""Venezuela Regional Refugee and Migrant Response Plan (RMRP) 2020""]"
TTO,2019,"[""Venezuela Regional Refugee and Migrant Response Plan (RMRP) 2019""]"
MNG,2010,"[""Mongolia Dzud Appeal (April 2010 - May 2011)""]"
SYR,2026,"[""Syrian Arab Republic Humanitarian Response Priorities 2026""]"
LTU,2024,"[""Ukraine Situation Regional Refugee Response Plan 2024""]"
TZA,2024,"[""Democratic Republic of the Congo Regional Refugee Response Plan 2024"",""Regional Migrant Response Plan for Horn of Africa to Yemen and Southern Africa 2024""]"
TJK,2023,"[""Afghanistan Situation Regional Refugee Response Plan 2023""]"
LBN,2017,"[""Syrian Arab Republic Regional Refugee and Resilience Plan (3RP) 2017""]"
COD,2011,"[""Democratic Republic of the Congo 2011""]"
ZMB,2002,"[""Humanitarian Crisis in Southern Africa 2002 - ZAMBIA""]"
HND,2022,"[""Honduras Plan de Respuesta Humanitaria 2022""]"
SOM,2016,"[""Somalia Humanitarian Response Plan 2016""]"
PSE,2014,"[""Occupied Palestinian Territory Strategic Response Plan 2014""]"
PAN,2024,"[""Venezuela Regional Refugee and Migrant Response Plan (RMRP) 2024""]"
MMR,2019,"[""Myanmar Humanitarian Response Plan 2019""]"
GTM,2016,"[""Guatemala Plan de Repuesta Humanitaria 2016""]"
AGO,2004,"[""Angola 2004""]"
SOM,2021,"[""Somalia Humanitarian Response Plan 2021"",""Regional Migrant Response Plan for the Horn of Africa and Yemen 2021""]"
LKA,2002,"[""Joint Strategy - Returned IDPs in Sri Lanka 2002""]"
CRI,2024,"[""Venezuela Regional Refugee and Migrant Response Plan (RMRP) 2024""]"
TCD,2022,"[""Tchad Plan de Réponse Humanitaire 2022""]"
CUW,2022,"[""Venezuela Regional Refugee and Migrant Response Plan (RMRP) 2022""]"
LBY,2021,"[""Libya Humanitarian Response Plan 2021""]"
YEM,2019,"[""Yemen Humanitarian Response Plan 2019""]"
CAF,2011,"[""Central African Republic Consolidated Appeals Process 2011""]"
GMB,2008,"[""West Africa 2008""]"
KEN,2015,"[""South Sudan Regional Refugee Response Plan 2015""]"
CAF,2012,"[""Central African Republic 2012""]"
SEN,2010,"[""West Africa 2010""]"
GHA,2007,"[""Ghana Floods Flash Appeal 2007"",""West Africa 2007""]"
LBY,2018,"[""Libya Humanitarian Response Plan 2018""]"
TUR,2013,"[""Syria Regional Refugee Response Plan (RRP) 2013""]"
CAF,2007,"[""Central African Republic 2007""]"
PSE,2003,"[""occupied Palestinian territory 2003""]"
PRK,2001,"[""DPR of Korea 2001""]"
ABW,2024,"[""Venezuela Regional Refugee and Migrant Response Plan (RMRP) 2024""]"
SEN,2014,"[""Sénégal Plan de Réponse Stratégique 2014"",""Sahel Region Strategic Response Plan 2014""]"
TGO,2009,"[""West Africa 2009""]"
SEN,2008,"[""West Africa 2008""]"
NGA,2026,"[""Nigeria Humanitarian Needs and Response Plan 2026""]"
TUR,2018,"[""Syrian Arab Republic regional refugee and resilience plan (3RP) 2018""]"
BFA,2008,"[""West Africa 2008""]"
BOL,2007,"[""Bolivia Flash Appeal 2007""]"
TCD,2013,"[""Chad 2013""]"
SOM,2008,"[""Somalia 2008""]"
MRT,2007,"[""West Africa 2007""]"
SOM,2003,"[""Somalia 2003""]"
BOL,2024,"[""Venezuela Regional Refugee and Migrant Response Plan (RMRP) 2024""]"
MNG,2024,"[""Mongolia Dzud Response Plan 2024""]"
HND,2023,"[""Honduras Plan de Respuesta Humanitaria 2023""]"
EGY,2021,"[""Syrian Arab Republic Regional Refugee and Resilience Plan (3RP) 2021""]"
SDN,2019,"[""Sudan Humanitarian Response Plan 2019""]"
JOR,2016,"[""Syrian Arab Republic Regional Refugee and Resilience Plan (3RP) 2016""]"
GTM,2015,"[""Guatemala Plan de Respuesta Sequia 2015""]"
TGO,2007,"[""West Africa 2007""]"
BOL,2004,"[""Bolivia  2004""]"
ETH,2024,"[""Ethiopia Humanitarian Response Plan 2024"",""South Sudan Regional Refugee Response Plan 2024"",""Regional Migrant Response Plan for Horn of Africa to Yemen and Southern Africa 2024"",""Sudan Emergency: Regional Refugee Response Plan 2024""]"
CMR,2024,"[""Cameroon Humanitarian Response Plan 2024""]"
SDN,2022,"[""Sudan Humanitarian Response Plan 2022""]"
KEN,2021,"[""Kenya Drought Flash Appeal 2021"",""South Sudan Regional Refugee Response Plan 2021""]"
CMR,2021,"[""Cameroon Humanitarian Response Plan  2021""]"
LBY,2020,"[""GHRP (COVID) Unallocated supplementary NGO envelope 2020"",""Libya Humanitarian Response Plan 2020"",""GHRP (COVID) Famine Prevention 2020"",""GHRP (COVID) Global Humanitarian Response Plan 2020""]"
MDG,2017,"[""Madagascar Tropical Cyclone Enawo Flash Appeal 2017""]"
NER,2015,"[""Niger Plan de Réponse Stratégique 2015"",""Sahel Region Call for Humanitarian Aid 2015""]"
IDN,2000,"[""Maluku Crisis 2000"",""West Timor (Indonesia) Consolidated Inter Agency Appeal 2000""]"
NER,2020,"[""GHRP (COVID) Famine Prevention 2020"",""GHRP (COVID) Unallocated supplementary NGO envelope 2020"",""GHRP (COVID) Global Humanitarian Response Plan 2020"",""Niger Plan de Réponse Humanitaire 2020""]"
BFA,2018,"[""Burkina Faso Plan d'Urgence et de Résilience 2018""]"
CMR,2018,"[""Cameroun Plan de Réponse Humanitaire 2018""]"
TUR,2016,"[""Syrian Arab Republic Regional Refugee and Resilience Plan (3RP) 2016"",""Regional Refugee and Migrant Response Plan for Europe 2016""]"
MOZ,2025,"[""Mozambique Tropical Cyclones Flash Appeal 2025"",""Mozambique Humanitarian Needs and Response Plan 2025"",""Mozambique Drought Flash Appeal 2025""]"
TZA,2022,"[""Democratic Republic of the Congo Regional Refugee Response Plan 2022""]"
AGO,2022,"[""Democratic Republic of the Congo Regional Refugee Response Plan 2022""]"
EGY,2020,"[""GHRP (COVID) Famine Prevention 2020"",""Syrian Arab Republic Regional Refugee and Resilience Plan (3RP) 2020"",""GHRP (COVID) Global Humanitarian Response Plan 2020"",""GHRP (COVID) Unallocated supplementary NGO envelope 2020""]"
JOR,2020,"[""GHRP (COVID) Global Humanitarian Response Plan 2020"",""GHRP (COVID) Famine Prevention 2020"",""Syrian Arab Republic Regional Refugee and Resilience Plan (3RP) 2020"",""Jordan Intersectoral COVID-19 Response Plan 2020"",""GHRP (COVID) Unallocated supplementary NGO envelope 2020""]"
AIA,2017,"[""Hurricane Irma Regional Response Plan for the Caribbean Region 2017""]"
IRQ,2010,"[""Regional Response Plan for Iraqi Refugees 2010"",""Iraq Humanitarian Action Plan 2010""]"
GHA,2008,"[""West Africa 2008""]"
CMR,2023,"[""Cameroon Humanitarian Response Plan 2023""]"
MEX,2019,"[""Venezuela Regional Refugee and Migrant Response Plan (RMRP) 2019""]"
COG,2007,"[""Republic of Congo 2007""]"
KEN,2006,"[""Horn of Africa 2006 "",""Kenya 2006"",""Kenya: 2006 November Floods""]"
GTM,2005,"[""Guatemala  2005""]"
MOZ,2020,"[""GHRP (COVID) Unallocated supplementary NGO envelope 2020"",""GHRP (COVID) Famine Prevention 2020"",""Mozambique UN Multi-Sector Response Plan to COVID-19"",""Cabo Delgado Province Mozambique Rapid Response Plan 2020""]"
CUW,2020,"[""GHRP (COVID) Global Humanitarian Response Plan 2020"",""Venezuela Regional Refugee and Migrant Response Plan (RMRP) 2020""]"
COL,2020,"[""Venezuela Regional Refugee and Migrant Response Plan (RMRP) 2020"",""GHRP (COVID) Global Humanitarian Response Plan 2020"",""Colombia Plan de Respuesta Humanitaria 2020"",""GHRP (COVID) Unallocated supplementary NGO envelope 2020"",""GHRP (COVID) Famine Prevention 2020"",""Colombia Plan de Respuesta Intersectorial COVID-19 2020""]"
EGY,2025,"[""Syrian Arab Republic Regional Refugee and Resilience Plan (3RP) 2025"",""Sudan Emergency: Regional Refugee Response Plan 2025""]"
DJI,2023,"[""Regional Migrant Response Plan for the Horn of Africa and Yemen 2023""]"
COD,2015,"[""République Démocratique du Congo Plan de Réponse Stratégique 2015""]"
LBN,2014,"[""Syria Regional Refugee Response Plan 2014""]"
NPL,2007,"[""Nepal Common Appeal for Transition Support 2007""]"
RUS,2002,"[""North Caucasus 2002""]"
BGD,2020,"[""GHRP (COVID) Global Humanitarian Response Plan 2020"",""Rohingya Humanitarian Crisis Joint Response Plan 2020"",""GHRP (COVID) Famine Prevention 2020"",""Bangladesh Intersectoral COVID-19 Response Plan 2020"",""GHRP (COVID) Unallocated supplementary NGO envelope 2020""]"
BDI,2017,"[""Burundi Plan de Réponse Humanitaire 2017""]"
LBR,2012,"[""Liberia 2012""]"
AGO,2001,"[""Angola 2001""]"
ARG,2026,"[""Venezuela Regional Refugee and Migrant Response Plan (RMRP) 2026""]"
PER,2024,"[""Venezuela Regional Refugee and Migrant Response Plan (RMRP) 2024""]"
COL,2022,"[""Colombia Plan de Respuesta Humanitaria 2022"",""Venezuela Regional Refugee and Migrant Response Plan (RMRP) 2022""]"
SOM,2006,"[""Somalia 2006"",""Somalia: 2006 Flood Response Plan""]"
COG,2006,"[""Republic of Congo 2006""]"
CAF,2018,"[""République Centrafricaine Plan de Réponse Humanitaire 2018""]"
SLV,2010,"[""El Salvador Flash Appeal (Revised) (November 2009 - May 2010)""]"
BEN,2008,"[""West Africa 2008""]"
SSD,2025,"[""South Sudan Humanitarian Needs and Response Plan 2025""]"
DJI,2024,"[""Regional Migrant Response Plan for Horn of Africa to Yemen and Southern Africa 2024""]"
AFG,2024,"[""Afghanistan Humanitarian Needs and Response Plan 2024""]"
MRT,2013,"[""Mauritania 2013""]"
PAK,2007,"[""Pakistan Cyclone and Floods Flash Appeal 2007""]"
GUY,2026,"[""Venezuela Regional Refugee and Migrant Response Plan (RMRP) 2026""]"
TZA,2025,"[""Democratic Republic of the Congo Regional Refugee Response Plan 2025"",""Regional Migrant Response Plan for Horn of Africa to Yemen and Southern Africa 2025""]"
PAK,2021,"[""Pakistan Humanitarian Response Plan 2021""]"
DJI,2016,"[""Djibouti Humanitarian Response Plan 2016""]"
CAF,2015,"[""République Centrafricaine Plan de Réponse Stratégique 2015""]"
VEN,2024,"[""Venezuela Plan de Respuesta Humanitaria 2024""]"
TJK,2022,"[""Afghanistan Situation Regional Refugee Response Plan 2022""]"
PSE,2016,"[""Occupied Palestinian Territory Humanitarian Response Plan 2016""]"
GIN,2009,"[""West Africa 2009""]"
ABW,2022,"[""Venezuela Regional Refugee and Migrant Response Plan (RMRP) 2022""]"
NER,2017,"[""Niger Plan de Réponse Humanitaire 2017""]"
TJK,2008,"[""Tajikistan Flash Appeal (Revised) 2008""]"
TGO,2008,"[""West Africa 2008""]"
COG,2003,"[""Republic of Congo 2003""]"
HTI,2014,"[""Haiti Strategic Response Plan 2014""]"
CAF,2025,"[""République Centrafricaine Besoins Humanitaires et Plan de Réponse 2025""]"
IDN,2009,"[""Indonesia West Sumatra Earthquake Humanitarian Response Plan 2009""]"
DJI,2021,"[""Regional Migrant Response Plan for the Horn of Africa and Yemen 2021""]"
MLI,2017,"[""Mali Plan de Réponse Humanitaire 2017""]"
ABW,2026,"[""Venezuela Regional Refugee and Migrant Response Plan (RMRP) 2026""]"
CMR,2022,"[""Cameroon Humanitarian Response Plan 2022""]"
TKM,2022,"[""Afghanistan Situation Regional Refugee Response Plan 2022""]"
PSE,2012,"[""occupied Palestinian territory 2012""]"
KGZ,2008,"[""Kyrgyzstan Flash Appeal (Revised) 2008""]"
IRQ,2007,"[""Iraq Health Sector Appeal 2007: Meeting the Health Needs of Iraqis Displaced in Neighbouring Countries""]"
LBN,2020,"[""GHRP (COVID) Unallocated supplementary NGO envelope 2020"",""GHRP (COVID) Global Humanitarian Response Plan 2020"",""Syrian Arab Republic Regional Refugee and Resilience Plan (3RP) 2020"",""GHRP (COVID) Famine Prevention 2020"",""Lebanon Flash Appeal 2020"",""Lebanon Intersectoral COVID-19 Response Plan 2020""]"
YEM,2020,"[""Yemen Humanitarian Response Plan 2020"",""GHRP (COVID) Famine Prevention 2020"",""GHRP (COVID) Global Humanitarian Response Plan 2020"",""Regional Migrant Response Plan for the Horn of Africa and Yemen 2020"",""GHRP (COVID) Unallocated supplementary NGO envelope 2020""]"
SEN,2018,"[""Sénégal Plan de Travail Humanitaire 2018""]"
ATG,2017,"[""Hurricane Irma Regional Response Plan for the Caribbean Region 2017""]"
UGA,2008,"[""Uganda 2008""]"
SYR,2023,"[""Syria Earthquake Flash Appeal 2023"",""Syrian Arab Republic Humanitarian Response Plan 2023""]"
ETH,2022,"[""South Sudan Regional Refugee Response Plan 2022"",""Regional Migrant Response Plan for the Horn of Africa and Yemen 2022"",""Ethiopia Humanitarian Response Plan 2022""]"
PHL,2020,"[""GHRP (COVID) Unallocated supplementary NGO envelope 2020"",""GHRP (COVID) Famine Prevention 2020"",""Philippines Intersectoral COVID-19 Response Plan 2020""]"
BDI,2020,"[""Burundi Plan de Réponse Humanitaire 2020"",""GHRP (COVID) Famine Prevention 2020"",""GHRP (COVID) Unallocated supplementary NGO envelope 2020"",""GHRP (COVID) Global Humanitarian Response Plan 2020""]"
CHL,2019,"[""Venezuela Regional Refugee and Migrant Response Plan (RMRP) 2019""]"
PAK,2011,"[""Pakistan Rapid Response Plan Floods 2011 (September - March 2012)""]"
BFA,2007,"[""West Africa 2007"",""Burkina Faso Floods Flash Appeal 2007""]"
LSO,2002,"[""Humanitarian Crisis in Southern Africa 2002 - LESOTHO""]"
CHL,2025,"[""Venezuela Regional Refugee and Migrant Response Plan (RMRP) 2025""]"
ABW,2019,"[""Venezuela Regional Refugee and Migrant Response Plan (RMRP) 2019""]"
MOZ,2003,"[""Humanitarian Crisis in Southern Africa - MOZAMBIQUE (July 2003 - June 2004)""]"
HUN,2023,"[""Ukraine Situation Regional Refugee Response Plan 2023""]"
PHL,2018,"[""Philippines Marawi Conflict Humanitarian Response and Resources Overview 2018""]"
AFG,2016,"[""Afghanistan Humanitarian Response Plan 2016"",""Afghanistan Flash Appeal 2016""]"
BDI,2000,"[""Burundi 2000""]"
CMR,2026,"[""Cameroon Humanitarian Needs and Response Plan 2026""]"
IRN,2024,"[""Afghanistan Situation Regional Refugee Response Plan 2024""]"
MNG,2023,"[""Mongolia Dzud Early Action and Response Plan 2023""]"
BOL,2021,"[""Venezuela Regional Refugee and Migrant Response Plan (RMRP) 2021""]"
DOM,2019,"[""Venezuela Regional Refugee and Migrant Response Plan (RMRP) 2019""]"
AFG,2019,"[""Afghanistan Humanitarian Response Plan 2019""]"
GIN,2014,"[""Ebola Outbreak Response Plan 2014""]"
CAF,2008,"[""Central African Republic 2008""]"
JOR,2022,"[""Syrian Arab Republic Regional Refugee and Resilience Plan (3RP) 2022""]"
SYR,2022,"[""Syrian Arab Republic Humanitarian Response Plan 2022 - 2023""]"
JOR,2021,"[""Syrian Arab Republic Regional Refugee and Resilience Plan (3RP) 2021""]"
ETH,2019,"[""Ethiopia Humanitarian Response Plan 2019""]"
NER,2024,"[""Niger Besoins Humanitaires et Plan de Réponse 2024""]"
MMR,2023,"[""Myanmar Humanitarian Response Plan 2023""]"
BFA,2023,"[""Burkina Faso Plan de Réponse Humanitaire 2023""]"
HTI,2020,"[""GHRP (COVID) Famine Prevention 2020"",""GHRP (COVID) Unallocated supplementary NGO envelope 2020"",""GHRP (COVID) Global Humanitarian Response Plan 2020"",""Haïti Plan de Réponse Humanitaire 2020""]"
GRC,2016,"[""Regional Refugee and Migrant Response Plan for Europe 2016""]"
YEM,2025,"[""Yemen Humanitarian Needs and Response Plan 2025""]"
NGA,2025,"[""Nigeria Humanitarian Needs and Response Plan 2025""]"
GUY,2022,"[""Venezuela Regional Refugee and Migrant Response Plan (RMRP) 2022""]"
DOM,2021,"[""Venezuela Regional Refugee and Migrant Response Plan (RMRP) 2021""]"
COD,2019,"[""République Démocratique du Congo Plan de Réponse Humanitaire 2019""]"
LBN,2023,"[""Syrian Arab Republic Regional Refugee and Resilience Plan (3RP) 2023"",""Lebanon Emergency Response Plan 2023""]"
NER,2005,"[""Niger  2005""]"
CAF,2003,"[""Central African Republic  2003""]"
AGO,2003,"[""Angola 2003""]"
IRN,2022,"[""Afghanistan Situation Regional Refugee Response Plan 2022""]"
SLV,2021,"[""El Salvador Plan de Respuesta Humanitaria 2021""]"
BGD,2017,"[""Rohingya Humanitarian Crisis Joint Response Plan 2017""]"
SSD,2016,"[""South Sudan Humanitarian Response Plan 2016""]"
SLB,2007,"[""Solomon Islands Earthquake and Tsunami - UNICEF Appeal 2007""]"
DJI,2006,"[""Horn of Africa 2006 ""]"
COG,2000,"[""Republic of Congo 2000""]"
NGA,2021,"[""Nigeria Humanitarian Response Plan 2021""]"
SSD,2018,"[""South Sudan Humanitarian Response Plan 2018""]"
KEN,2010,"[""Kenya Emergency Humanitarian Response Plan 2010""]"
TLS,2006,"[""Timor-Leste 2006""]"
AFG,2022,"[""Afghanistan Humanitarian Response Plan 2022""]"
MRT,2008,"[""West Africa 2008""]"
PRK,2004,"[""DPR of Korea 2004""]"
COD,2006,"[""Democratic Republic of the Congo Action Plan 2006""]"
BRA,2021,"[""Venezuela Regional Refugee and Migrant Response Plan (RMRP) 2021""]"
TCD,2019,"[""Tchad Plan de Réponse Humanitaire 2019""]"
BGD,2019,"[""Rohingya Humanitarian Crisis Joint Response Plan 2019""]"
SLE,2007,"[""West Africa 2007""]"
MOZ,2024,"[""Mozambique Humanitarian Needs and Response Plan 2024"",""Mozambique Drought Flash Appeal 2024""]"
ECU,2022,"[""Venezuela Regional Refugee and Migrant Response Plan (RMRP) 2022""]"
BRA,2022,"[""Venezuela Regional Refugee and Migrant Response Plan (RMRP) 2022""]"
RWA,2022,"[""Democratic Republic of the Congo Regional Refugee Response Plan 2022""]"
BDI,2021,"[""Burundi Plan de Réponse Humanitaire 2021"",""Democratic Republic of the Congo Regional Refugee Response Plan 2021""]"
TUR,2020,"[""GHRP (COVID) Famine Prevention 2020"",""GHRP (COVID) Unallocated supplementary NGO envelope 2020"",""GHRP (COVID) Global Humanitarian Response Plan 2020"",""Syrian Arab Republic Regional Refugee and Resilience Plan (3RP) 2020""]"
PRK,2020,"[""GHRP (COVID) Famine Prevention 2020"",""GHRP (COVID) Global Humanitarian Response Plan 2020"",""DPR Korea Intersectoral COVID-19 Response Plan 2020"",""DPR Korea Needs and Priorities 2020"",""GHRP (COVID) Unallocated supplementary NGO envelope 2020""]"
MRT,2015,"[""Mauritanie Plan de Réponse Stratégique 2015"",""Sahel Region Call for Humanitarian Aid 2015""]"
VEN,2020,"[""Venezuela Plan de Respuesta Humanitaria con Panorama de Necesidades 2020"",""GHRP (COVID) Famine Prevention 2020"",""GHRP (COVID) Unallocated supplementary NGO envelope 2020"",""GHRP (COVID) Global Humanitarian Response Plan 2020""]"
ZWE,2011,"[""Zimbabwe 2011""]"
MWI,2005,"[""Malawi  2005""]"
TZA,2000,"[""Tanzania (United Republic of) 2000""]"
MDG,2023,"[""Madagascar Grand Sud and Grand Sud-Est Flash Appeal 2023""]"
UKR,2014,"[""Ukraine Preliminary Response Plan 2014""]"
DJI,2013,"[""Djibouti 2013""]"
COD,2012,"[""Democratic Republic of the Congo 2012""]"
KEN,2008,"[""Kenya Emergency Humanitarian Response Plan (Revised) 2008""]"
CAF,2026,"[""République Centrafricaine Besoins Humanitaires et Plan de Réponse 2026"",""Sudan Emergency: Regional Refugee Response Plan 2026""]"
PRY,2025,"[""Venezuela Regional Refugee and Migrant Response Plan (RMRP) 2025""]"
AGO,2020,"[""GHRP (COVID) Unallocated supplementary NGO envelope 2020"",""Democratic Republic of the Congo Regional Refugee Response Plan 2020"",""GHRP (COVID) Global Humanitarian Response Plan 2020"",""GHRP (COVID) Famine Prevention 2020""]"
UKR,2017,"[""Ukraine Humanitarian Response Plan 2017""]"
LBN,2021,"[""Lebanon Emergency Response Plan 2021"",""Syrian Arab Republic Regional Refugee and Resilience Plan (3RP) 2021""]"
LBN,2018,"[""Syrian Arab Republic regional refugee and resilience plan (3RP) 2018""]"
GEO,2008,"[""Georgia Crisis Flash Appeal (Revised) 2008""]"
BDI,2019,"[""Burundi Plan de Réponse Humanitaire 2019""]"
PER,2019,"[""Venezuela Regional Refugee and Migrant Response Plan (RMRP) 2019""]"
COD,2000,"[""Democratic Republic of the Congo 2000""]"
MEX,2024,"[""Venezuela Regional Refugee and Migrant Response Plan (RMRP) 2024""]"
MDA,2022,"[""Ukraine Situation Regional Refugee Response Plan 2022""]"
COG,2021,"[""Democratic Republic of the Congo Regional Refugee Response Plan 2021""]"
MLI,2020,"[""GHRP (COVID) Famine Prevention 2020"",""GHRP (COVID) Global Humanitarian Response Plan 2020"",""GHRP (COVID) Unallocated supplementary NGO envelope 2020"",""Mali Plan de Réponse Humanitaire 2020""]"
CAF,2016,"[""République Centrafricaine Plan de Réponse Humanitaire 2016""]"
EGY,2013,"[""Syria Regional Refugee Response Plan (RRP) 2013""]"
BEN,2009,"[""West Africa 2009""]"
JOR,2023,"[""Syrian Arab Republic Regional Refugee and Resilience Plan (3RP) 2023""]"
SXM,2017,"[""Hurricane Irma Regional Response Plan for the Caribbean Region 2017""]"
COD,2016,"[""République Démocratique du Congo Plan de Réponse Humanitaire 2016""]"
IRQ,2014,"[""Syria Regional Refugee Response Plan 2014"",""Iraq Strategic Response Plan 2014""]"
GRD,2004,"[""Grenada  2004""]"
IRN,2004,"[""Islamic Republic of Iran 2004 ""]"
VEN,2025,"[""Venezuela Plan de Respuesta Humanitaria 2025""]"
MEX,2023,"[""Venezuela Regional Refugee and Migrant Response Plan (RMRP) 2023""]"
LBY,2015,"[""Libya Humanitarian Appeal 2014- 2015""]"
TUN,2011,"[""Regional Flash Appeal for the Libyan Crisis (March - December 2011)""]"
BDI,2007,"[""Great Lakes Region 2007"",""Burundi 2007""]"
EST,2024,"[""Ukraine Situation Regional Refugee Response Plan 2024""]"
AFG,2023,"[""Afghanistan Humanitarian Response Plan 2023""]"
UKR,2021,"[""Ukraine Humanitarian Response Plan 2021""]"
PAK,2020,"[""Pakistan Intersectoral COVID-19 Response Plan 2020"",""GHRP (COVID) Unallocated supplementary NGO envelope 2020"",""GHRP (COVID) Famine Prevention 2020""]"
IDN,2018,"[""Indonesia Central Sulawesi Earthquake Response Plan 2018""]"
TJK,2002,"[""Tajikistan 2002""]"
HUN,2022,"[""Ukraine Situation Regional Refugee Response Plan 2022""]"
GTM,2021,"[""Guatemala Plan de Respuesta Humanitaria 2021""]"
MEX,2020,"[""GHRP (COVID) Global Humanitarian Response Plan 2020"",""Venezuela Regional Refugee and Migrant Response Plan (RMRP) 2020""]"
DJI,2001,"[""Djibouti Drought 2001""]"
PAK,2018,"[""Pakistan Transition Plan: Humanitarian Component 2018""]"
HTI,2025,"[""Haiti Besoins Humanitaires et Plan de Réponse 2025""]"
HND,2015,"[""Honduras Drought Emergency Response Plan 2015""]"
MLI,2012,"[""Mali 2012""]"
IRQ,2009,"[""Iraq and the region 2009""]"
ZWE,2008,"[""Zimbabwe 2008""]"
SDN,2006,"[""Sudan Work Plan 2006 (Humanitarian Action component)""]"
SDN,2013,"[""Sudan 2013""]"
SSD,2026,"[""Sudan Emergency: Regional Refugee Response Plan 2026"",""South Sudan Humanitarian Needs and Response Plan 2026""]"
RWA,2020,"[""GHRP (COVID) Unallocated supplementary NGO envelope 2020"",""GHRP (COVID) Famine Prevention 2020"",""Democratic Republic of the Congo Regional Refugee Response Plan 2020"",""Burundi Regional Refugee Response Plan 2020"",""GHRP (COVID) Global Humanitarian Response Plan 2020""]"
ZWE,2020,"[""Zimbabwe Humanitarian Response Plan 2020"",""GHRP (COVID) Famine Prevention 2020"",""GHRP (COVID) Unallocated supplementary NGO envelope 2020""]"
ECU,2016,"[""Ecuador Terremoto Flash Appeal 2016""]"
PRK,2015,"[""DPR Korea Needs and Priorities 2015""]"
LAO,2009,"[""Lao PDR Flash Appeal (Revised) (October 2009 - April 2010)""]"
GIN,2006,"[""Guinea 2006""]"
UGA,2006,"[""Uganda 2006""]"
LBN,2025,"[""Lebanon Flash Appeal 2025"",""Syrian Arab Republic Regional Refugee and Resilience Plan (3RP) 2025""]"
PAK,2023,"[""Afghanistan Situation Regional Refugee Response Plan 2023"",""Pakistan Floods Response Plan 2023""]"
TZA,2007,"[""Great Lakes Region 2007""]"
BDI,2005,"[""Burundi 2005""]"
BDI,2003,"[""Burundi 2003""]"
SVK,2025,"[""Ukraine Situation Regional Refugee Response Plan 2025""]"
COG,2024,"[""Democratic Republic of the Congo Regional Refugee Response Plan 2024""]"
CAF,2023,"[""République Centrafricaine Plan de Réponse Humanitaire 2023""]"
CRI,2019,"[""Venezuela Regional Refugee and Migrant Response Plan (RMRP) 2019""]"
ETH,2015,"[""South Sudan Regional Refugee Response Plan 2015""]"
GIN,2005,"[""Guinea 2005""]"
SDN,2026,"[""Sudan Humanitarian Needs and Response Plan 2026""]"
BDI,2024,"[""Burundi Plan de Réponse Inondations et Montée du Lac Tanganyika (Effets El-Niño) 2024"",""Democratic Republic of the Congo Regional Refugee Response Plan 2024""]"
DOM,2024,"[""Venezuela Regional Refugee and Migrant Response Plan (RMRP) 2024""]"
TTO,2024,"[""Venezuela Regional Refugee and Migrant Response Plan (RMRP) 2024""]"
DOM,2022,"[""Venezuela Regional Refugee and Migrant Response Plan (RMRP) 2022""]"
IRQ,2021,"[""Iraq Humanitarian Response Plan 2021"",""Syrian Arab Republic Regional Refugee and Resilience Plan (3RP) 2021""]"
MDG,2019,"[""Madagascar Grand Sud Appel Éclair Conjoint 2019""]"
SDN,2014,"[""South Sudan Regional Refugee Response Plan 2014"",""Sudan Strategic Response Plan 2014""]"
SRB,2016,"[""Regional Refugee and Migrant Response Plan for Europe 2016""]"
SOM,2011,"[""Somalia 2011""]"
TJK,2003,"[""Tajikistan 2003""]"
GRD,2024,"[""Grenada Hurricane Beryl Flash Appeal 2024""]"
VEN,2022,"[""Venezuela Plan de Respuesta Humanitaria 2022""]"
PAK,2017,"[""Pakistan Humanitarian Strategic Plan 2017""]"
EGY,2014,"[""Syria Regional Refugee Response Plan 2014""]"
MMR,2008,"[""Myanmar Flash Appeal (Revised) 2008""]"
LBN,2007,"[""Lebanon Crisis Appeal 2007""]"
ZMB,2023,"[""Democratic Republic of the Congo Regional Refugee Response Plan 2023""]"
PAN,2021,"[""Venezuela Regional Refugee and Migrant Response Plan (RMRP) 2021""]"
BFA,2019,"[""Burkina Faso Plan d'Urgence 2019""]"
NGA,2019,"[""Nigeria Humanitarian Response Strategy 2019""]"
SSD,2013,"[""Republic of South Sudan 2013""]"
SYR,2012,"[""Syria Humanitarian Assistance Response Plan (SHARP) 2012""]"
DJI,2008,"[""Djibouti Joint Appeal 2008: Response Plan for Drought, Food and Nutrition Crisis""]"
TLS,2008,"[""Timor-Leste - Transitional Strategy and Appeal 2008""]"
AFG,2003,"[""Afghanistan TAPA 2003""]"
SOM,2019,"[""Somalia Humanitarian Response Plan 2019""]"
YEM,2008,"[""Yemen Floods Response Plan (November - April) 2008 [unrevised as of April 2008; appeal closed at 45% funding and unmet requirements reduced to zero] ""]"
CAF,2006,"[""Central African Republic 2006""]"
ROU,2025,"[""Ukraine Situation Regional Refugee Response Plan 2025""]"
RWA,2023,"[""Democratic Republic of the Congo Regional Refugee Response Plan 2023""]"
MRT,2010,"[""West Africa 2010""]"
JOR,2010,"[""Regional Response Plan for Iraqi Refugees 2010""]"
ZWE,2025,"[""Zimbabwe Drought Flash Appeal 2025""]"
TUR,2017,"[""Syrian Arab Republic Regional Refugee and Resilience Plan (3RP) 2017""]"
LKA,2010,"[""Sri Lanka Common Humanitarian Action Plan 2010""]"
AFG,2009,"[""Afghanistan Humanitarian Action Plan 2009""]"
HTI,2026,"[""Haiti Besoins Humanitaires et Plan de Réponse 2026""]"
GTM,2025,"[""Guatemala Necesidades Humanitarias y Plan de Respuesta 2025""]"
COG,2023,"[""Democratic Republic of the Congo Regional Refugee Response Plan 2023""]"
DJI,2022,"[""Regional Migrant Response Plan for the Horn of Africa and Yemen 2022""]"
SSD,2015,"[""South Sudan Strategic Response Plan 2015""]"
MOZ,2008,"[""Southern African Region Preparedness and Response Plan 2008 [unrevised as of Nov. 2008; appeal closed at 33% funding and unmet requirements reduced to zero] ""]"
PHL,2024,"[""Philippines Tropical Cyclones and Floods Humanitarian Needs and Priorities 2024""]"
CAF,2017,"[""République Centrafricaine Plan de Réponse Humanitaire 2017""]"
DJI,2014,"[""Djibouti Strategic Response Plan 2014""]"
AFG,2006,"[""Afghanistan Drought Joint Appeal 2006""]"
TGO,2006,"[""West Africa 2006""]"
ETH,2018,"[""Ethiopia Humanitarian and Disaster Resilience Plan 2018""]"
PSE,2004,"[""occupied Palestinian territory 2004""]"
GTM,2023,"[""Guatemala Plan de Respuesta Humanitaria 2023""]"
COD,2020,"[""GHRP (COVID) Famine Prevention 2020"",""GHRP (COVID) Unallocated supplementary NGO envelope 2020"",""République Démocratique du Congo Plan de Réponse Humanitaire 2020"",""GHRP (COVID) Global Humanitarian Response Plan 2020""]"
TJK,2009,"[""Tajikistan Floods and Mudflows REACT Appeal 2009"",""Tajikistan Humanitarian Food Security Appeal 2008-2009""]"
SLV,2022,"[""El Salvador Plan de Respuesta Humanitaria 2022""]"
IRQ,2019,"[""Syrian Arab Republic Regional Refugee and Resilience Plan (3RP) 2019"",""Iraq Humanitarian Response Plan 2019""]"
GMB,2016,"[""Sahel Region Call for Humanitarian Aid 2016"",""Gambia Humanitarian Response Plan 2016""]"
LKA,2007,"[""Sri Lanka Common Humanitarian Action Plan 2007""]"
COL,2003,"[""Colombia (HAP) 2003""]"
CAF,2024,"[""Sudan Emergency: Regional Refugee Response Plan 2024"",""République Centrafricaine Plan de Réponse Humanitaire 2024""]"
MLI,2024,"[""Mali Besoins Humanitaires et Plan de Réponse 2024""]"
COD,2023,"[""République Démocratique du Congo Plan de Réponse Humanitaire 2023""]"
ABW,2020,"[""Venezuela Regional Refugee and Migrant Response Plan (RMRP) 2020"",""GHRP (COVID) Global Humanitarian Response Plan 2020""]"
ARG,2019,"[""Venezuela Regional Refugee and Migrant Response Plan (RMRP) 2019""]"
JOR,2019,"[""Syrian Arab Republic Regional Refugee and Resilience Plan (3RP) 2019""]"
COD,2007,"[""Democratic Republic of the Congo 2007 Humanitarian Action Plan""]"
BDI,2004,"[""Burundi 2004""]"
SWZ,2002,"[""Humanitarian Crisis in Southern Africa 2002 - SWAZILAND""]"
CHL,2026,"[""Venezuela Regional Refugee and Migrant Response Plan (RMRP) 2026""]"
MOZ,2026,"[""Mozambique Humanitarian Needs and Response Plan 2026""]"
COL,2023,"[""Colombia Plan de Respuesta Humanitaria 2023"",""Venezuela Regional Refugee and Migrant Response Plan (RMRP) 2023""]"
SOM,2001,"[""Somalia 2001""]"
IRN,2023,"[""Afghanistan Situation Regional Refugee Response Plan 2023""]"
PER,2022,"[""Venezuela Regional Refugee and Migrant Response Plan (RMRP) 2022""]"
PSE,2021,"[""Occupied Palestinian Territory Humanitarian Response Plan 2021"",""Escalation of Hostilities in the OPT  Flash Appeal 2021""]"
ECU,2019,"[""Venezuela Regional Refugee and Migrant Response Plan (RMRP) 2019""]"
IRQ,2013,"[""Syria Regional Refugee Response Plan (RRP) 2013""]"
BFA,2010,"[""Burkina Faso Emergency Humanitarian Action Plan 2010"",""West Africa 2010""]"
SLE,2008,"[""West Africa 2008""]"
BFA,2025,"[""Burkina Faso Besoins Humanitaires et Plan de Réponse 2025""]"
BGD,2024,"[""Bangladesh Cyclone Remal and Monsoon Floods Response Plan 2024"",""Rohingya Humanitarian Crisis Joint Response Plan 2024""]"
TKM,2023,"[""Afghanistan Situation Regional Refugee Response Plan 2023""]"
MMR,2022,"[""Myanmar Humanitarian Response Plan 2022""]"
DJI,2017,"[""Djibouti Humanitarian Response Plan 2017""]"
MLI,2014,"[""Mali Plan de Réponse Stratégique 2014"",""Sahel Region Strategic Response Plan 2014""]"
CIV,2009,"[""Côte d'Ivoire 2009"",""West Africa 2009""]"
NPL,2009,"[""Nepal Humanitarian Transition Appeal 2009""]"
CHL,2024,"[""Venezuela Regional Refugee and Migrant Response Plan (RMRP) 2024""]"
PRK,2019,"[""DPR Korea Needs and Priorities 2019""]"
NGA,2015,"[""Nigeria Strategic Response Plan 2015"",""Sahel Region Call for Humanitarian Aid 2015""]"
COG,2010,"[""Republic of Congo 2010""]"
ZMB,2003,"[""Humanitarian Crisis in Southern Africa - ZAMBIA (July 2003 - June 2004)""]"
TCD,2023,"[""Tchad Plan de Réponse Humanitaire 2023""]"
ROU,2024,"[""Ukraine Situation Regional Refugee Response Plan 2024""]"
SOM,2023,"[""Regional Migrant Response Plan for the Horn of Africa and Yemen 2023"",""Somalia Humanitarian Response Plan 2023""]"
SDN,2010,"[""Sudan 2010""]"
SDN,2002,"[""Sudan 2002""]"
HTI,2024,"[""Haïti Besoins Humanitaires et Plan de Réponse 2024""]"
RWA,2021,"[""Democratic Republic of the Congo Regional Refugee Response Plan 2021"",""Burundi Regional Refugee Response Plan 2021""]"
CAF,2019,"[""République Centrafricaine Plan de Réponse Humanitaire 2019""]"
TUR,2022,"[""Syrian Arab Republic Regional Refugee and Resilience Plan (3RP) 2022""]"
BHS,2017,"[""Hurricane Irma Regional Response Plan for the Caribbean Region 2017""]"
TCA,2017,"[""Hurricane Irma Regional Response Plan for the Caribbean Region 2017""]"
ETH,2017,"[""Ethiopia Humanitarian Response Plan 2017""]"
BEN,2010,"[""West Africa 2010""]"
SDN,2023,"[""Sudan Humanitarian Response Plan 2023""]"
PAN,2020,"[""Venezuela Regional Refugee and Migrant Response Plan (RMRP) 2020"",""GHRP (COVID) Global Humanitarian Response Plan 2020""]"
MLI,2018,"[""Mali Plan de Réponse Humanitaire 2018""]"
SEN,2016,"[""Sénégal Plan de Réponse Humanitaire 2016"",""Sahel Region Call for Humanitarian Aid 2016""]"
DJI,2011,"[""Djibouti Drought Appeal 2011""]"
RWA,2025,"[""Democratic Republic of the Congo Regional Refugee Response Plan 2025""]"
NPL,2021,"[""Nepal Intersectoral COVID-19 Response Plan 2021""]"
CUB,2017,"[""Cuba Plan of Action 2017""]"
YEM,2014,"[""Yemen Strategic Response Plan 2014""]"
CIV,2007,"[""Cote d'Ivoire 2007"",""West Africa 2007""]"
CRI,2025,"[""Venezuela Regional Refugee and Migrant Response Plan (RMRP) 2025""]"
SDN,2016,"[""Sudan Humanitarian Response Plan 2016""]"
SLV,2011,"[""El Salvador Flash Appeal (October 2011 - April 2012)""]"
UGA,2010,"[""Uganda 2010""]"
SOM,2007,"[""Somalia 2007""]"
UGA,2000,"[""Uganda 2000""]"
MDA,2025,"[""Ukraine Situation Regional Refugee Response Plan 2025""]"
PER,2023,"[""Venezuela Regional Refugee and Migrant Response Plan (RMRP) 2023""]"
KEN,2017,"[""Kenya Flash Appeal 2017""]"
HRV,2016,"[""Regional Refugee and Migrant Response Plan for Europe 2016""]"
PRK,2018,"[""DPR Korea Needs and Priorities 2018""]"
SYR,2016,"[""Syrian Arab Republic Humanitarian Response Plan 2016""]"
PSE,2006,"[""occupied Palestinian territory 2006""]"
GUY,2023,"[""Venezuela Regional Refugee and Migrant Response Plan (RMRP) 2023""]"
ECU,2020,"[""Venezuela Regional Refugee and Migrant Response Plan (RMRP) 2020"",""Ecuador Plan de Respuesta Intersectorial COVID-19 2020"",""GHRP (COVID) Global Humanitarian Response Plan 2020"",""GHRP (COVID) Unallocated supplementary NGO envelope 2020"",""GHRP (COVID) Famine Prevention 2020""]"
NER,2014,"[""Sahel Region Strategic Response Plan 2014"",""Niger Plan de Réponse Stratégique 2014""]"
CMR,2014,"[""Sahel Region Strategic Response Plan 2014"",""Cameroun Plan de Réponse Stratégique 2014""]"
PAK,2025,"[""Afghanistan Situation Regional Refugee Response Plan 2025"",""Pakistan Floods Support Plan 2025""]"
MWI,2024,"[""Malawi Drought Response Flash Appeal 2024""]"
MDA,2024,"[""Ukraine Situation Regional Refugee Response Plan 2024""]"
IRQ,2020,"[""Syrian Arab Republic Regional Refugee and Resilience Plan (3RP) 2020"",""GHRP (COVID) Unallocated supplementary NGO envelope 2020"",""GHRP (COVID) Famine Prevention 2020"",""GHRP (COVID) Global Humanitarian Response Plan 2020"",""Iraq Humanitarian Response Plan 2020""]"
NPL,2008,"[""Nepal Common Appeal for Transition Support 2008"",""Nepal Floods Humanitarian Response Plan 2008""]"
SDN,2007,"[""Sudan Flash Appeal: Flood Response 2007"",""Sudan Work Plan 2007 (Humanitarian Action component) ""]"
IRQ,2017,"[""Iraq Humanitarian Response Plan 2017"",""Syrian Arab Republic Regional Refugee and Resilience Plan (3RP) 2017""]"
GMB,2015,"[""Sahel Region Call for Humanitarian Aid 2015"",""Gambia Strategic Response Plan 2015""]"
IRQ,2003,"[""Iraq Crisis 2003""]"
ETH,2026,"[""Regional Migrant Response Plan for Horn of Africa to Yemen and Southern Africa 2026"",""Sudan Emergency: Regional Refugee Response Plan 2026""]"
BOL,2025,"[""Venezuela Regional Refugee and Migrant Response Plan (RMRP) 2025""]"
NGA,2020,"[""GHRP (COVID) Unallocated supplementary NGO envelope 2020"",""GHRP (COVID) Famine Prevention 2020"",""GHRP (COVID) Global Humanitarian Response Plan 2020"",""Nigeria Humanitarian Response Plan 2020""]"
JOR,2015,"[""Syrian Arab Republic Regional Refugee and Resilience Plan (3RP) 2015""]"
POL,2024,"[""Ukraine Situation Regional Refugee Response Plan 2024""]"
JOR,2024,"[""Syrian Arab Republic Regional Refugee and Resilience Plan (3RP) 2024""]"
GNB,2009,"[""West Africa 2009""]"
CZE,2023,"[""Ukraine Situation Regional Refugee Response Plan 2023""]"
HTI,2022,"[""Haïti Plan de Réponse Humanitaire 2022"",""Haïti Choléra+ Appel Éclair 2022""]"
SSD,2022,"[""South Sudan Humanitarian Response Plan 2022""]"
CRI,2020,"[""Venezuela Regional Refugee and Migrant Response Plan (RMRP) 2020"",""GHRP (COVID) Global Humanitarian Response Plan 2020""]"
CMR,2016,"[""Sahel Region Call for Humanitarian Aid 2016"",""Cameroun Plan de Réponse Humanitaire 2016""]"
PSE,2025,"[""Escalation of Hostilities in the OPT Flash Appeal 2025""]"
UGA,2021,"[""Burundi Regional Refugee Response Plan 2021"",""South Sudan Regional Refugee Response Plan 2021"",""Democratic Republic of the Congo Regional Refugee Response Plan 2021""]"
MLI,2019,"[""Mali Plan de Réponse Humanitaire 2019""]"
CMR,2019,"[""Cameroun Plan de Réponse Humanitaire 2019""]"
UKR,2018,"[""Ukraine Humanitarian Response Plan 2018""]"
PSE,2009,"[""occupied Palestinian territory 2009""]"
TCD,2012,"[""Chad 2012""]"
LBR,2011,"[""West Africa 2011""]"
PAK,2010,"[""Pakistan Humanitarian Response Plan (February - December 2010)"",""Pakistan Floods Relief and Early Recovery Response Plan (Revised) (August 2010 - July 2011)""]"
ETH,2006,"[""Ethiopia Floods Joint Appeal 2006"",""Ethiopia: 2006 Govt-UN Joint Emergency Flood Appeal for Somali Region"",""Ethiopia 2006 Humanitarian Appeal (Joint Govt-NGO-UN)""]"
MWI,2023,"[""Malawi Cholera and Floods Flash Appeal 2023""]"
COG,2020,"[""GHRP (COVID) Global Humanitarian Response Plan 2020"",""Democratic Republic of the Congo Regional Refugee Response Plan 2020"",""République du Congo Plan de Réponse Intersectorielle COVID-19 2020""]"
SOM,2020,"[""Somalia Humanitarian Response Plan 2020"",""GHRP (COVID) Global Humanitarian Response Plan 2020"",""Regional Migrant Response Plan for the Horn of Africa and Yemen 2020"",""GHRP (COVID) Unallocated supplementary NGO envelope 2020"",""GHRP (COVID) Famine Prevention 2020""]"
MRT,2012,"[""Mauritania 2012""]"
UKR,2016,"[""Ukraine Humanitarian Response Plan 2016""]"
CIV,2011,"[""West Africa 2011""]"
CPV,2007,"[""West Africa 2007""]"
JOR,2025,"[""Syrian Arab Republic Regional Refugee and Resilience Plan (3RP) 2025""]"
YEM,2022,"[""Yemen Humanitarian Response Plan 2022"",""Regional Migrant Response Plan for the Horn of Africa and Yemen 2022""]"
TZA,2021,"[""Burundi Regional Refugee Response Plan 2021"",""Democratic Republic of the Congo Regional Refugee Response Plan 2021""]"
COD,2018,"[""République Démocratique du Congo Plan de Réponse Humanitaire 2018""]"
SYR,2008,"[""Syria Drought Appeal 2008""]"
SWZ,2003,"[""Humanitarian Crisis in Southern Africa - SWAZILAND (July 2003 - June 2004)""]"
AFG,2001,"[""Afghanistan 2001""]"
AFG,2026,"[""Afghanistan Humanitarian Needs and Response Plan 2026""]"
SYR,2019,"[""Syrian Arab Republic Humanitarian Response Plan 2019""]"
IRQ,2016,"[""Syrian Arab Republic Regional Refugee and Resilience Plan (3RP) 2016"",""Iraq Mosul Flash Appeal 2016"",""Iraq Humanitarian Response Plan 2016""]"
LBY,2011,"[""Regional Flash Appeal for the Libyan Crisis (March - December 2011)""]"
SOM,2004,"[""Somalia 2004""]"
AFG,2002,"[""Afghanistan 2002 (ITAP for the Afghan People)""]"
YEM,2015,"[""Yemen Strategic Response Plan 2015""]"
LBR,2010,"[""West Africa 2010""]"
CIV,2006,"[""Cote d'Ivoire 2006""]"
SLV,2005,"[""El Salvador Joint UN Agency Appeal 2005""]"
SDN,2001,"[""Sudan 2001""]"
MLI,2006,"[""West Africa 2006""]"
UGA,2005,"[""Uganda 2005""]"
ECU,2026,"[""Venezuela Regional Refugee and Migrant Response Plan (RMRP) 2026""]"
SSD,2024,"[""South Sudan Humanitarian Needs and Response Plan 2024""]"
UGA,2023,"[""Democratic Republic of the Congo Regional Refugee Response Plan 2023"",""South Sudan Regional Refugee Response Plan 2023""]"
HTI,2021,"[""Haïti Plan de Réponse Humanitaire 2021"",""Haiti Earthquake Flash Appeal 2021""]"
JOR,2017,"[""Syrian Arab Republic Regional Refugee and Resilience Plan (3RP) 2017""]"
ERI,2005,"[""Eritrea 2005""]"
TLS,2000,"[""East Timor Consolidated Inter Agency Appeal 2000""]"
CHL,2023,"[""Venezuela Regional Refugee and Migrant Response Plan (RMRP) 2023""]"
SSD,2023,"[""South Sudan Humanitarian Response Plan 2023""]"
TTO,2022,"[""Venezuela Regional Refugee and Migrant Response Plan (RMRP) 2022""]"
PRY,2021,"[""Venezuela Regional Refugee and Migrant Response Plan (RMRP) 2021""]"
DJI,2020,"[""GHRP (COVID) Unallocated supplementary NGO envelope 2020"",""GHRP (COVID) Global Humanitarian Response Plan 2020"",""Djibouti Flash Appeal 2020"",""GHRP (COVID) Famine Prevention 2020"",""Regional Migrant Response Plan for the Horn of Africa and Yemen 2020"",""Djibouti Intersectoral COVID-19 Response Plan 2020""]"
BFA,2017,"[""Burkina Faso Plan de Réponse Humanitaire 2017""]"
BFA,2014,"[""Burkina Faso Plan de Réponse Stratégique 2014"",""Sahel Region Strategic Response Plan 2014""]"
HND,2008,"[""Honduras Flash Appeal (Updated) (November - April) 2008""]"
IDN,2002,"[""Joint Appeal - Solutions for East Timorese Refugees"",""Indonesia 2002""]"
IRN,2025,"[""Afghanistan Situation Regional Refugee Response Plan 2025""]"
TTO,2025,"[""Venezuela Regional Refugee and Migrant Response Plan (RMRP) 2025""]"
SDN,2025,"[""Sudan Humanitarian Needs and Response Plan 2025""]"
BFA,2024,"[""Burkina Faso Plan de Réponse Humanitaire 2024""]"
ETH,2023,"[""South Sudan Regional Refugee Response Plan 2023"",""Sudan Emergency: Regional Refugee Response Plan 2023"",""Ethiopia Humanitarian Response Plan 2023"",""Regional Migrant Response Plan for the Horn of Africa and Yemen 2023""]"
NER,2022,"[""Niger Plan de Réponse Humanitaire 2022""]"
LBN,2022,"[""Lebanon Emergency Response Plan 2022"",""Syrian Arab Republic Regional Refugee and Resilience Plan (3RP) 2022""]"
PSE,2020,"[""GHRP (COVID) Global Humanitarian Response Plan 2020"",""GHRP (COVID) Unallocated supplementary NGO envelope 2020"",""GHRP (COVID) Famine Prevention 2020"",""Occupied Palestinian Territory Humanitarian Response Plan 2020""]"
ZWE,2016,"[""Zimbabwe Humanitarian Response Plan 2016""]"
HTI,2010,"[""Haiti Humanitarian Appeal (Revised) (January - December 2010)""]"
RUS,2001,"[""Northern Caucasus (Russian Federation) 2001""]"
CUW,2023,"[""Venezuela Regional Refugee and Migrant Response Plan (RMRP) 2023""]"
SLE,2020,"[""GHRP (COVID) Famine Prevention 2020"",""GHRP (COVID) Unallocated supplementary NGO envelope 2020"",""Sierra Leone Intersectoral COVID-19 Response Plan 2020""]"
SSD,2019,"[""South Sudan Humanitarian Response Plan 2019""]"
LKA,2012,"[""Sri Lanka Joint Plan of Assistance to the Northern Province (JPA) 2012""]"
LBR,2008,"[""Liberia Critical Humanitarian Gaps 2008"",""West Africa 2008""]"
AGO,2000,"[""Angola 2000""]"
URY,2023,"[""Venezuela Regional Refugee and Migrant Response Plan (RMRP) 2023""]"
EST,2023,"[""Ukraine Situation Regional Refugee Response Plan 2023""]"
ZWE,2019,"[""Zimbabwe Flash Appeal 2019""]"
COD,2025,"[""République Démocratique du Congo Besoins Humanitaires et Plan de Réponse 2025""]"
MOZ,2021,"[""Mozambique Humanitarian Response Plan 2021""]"
LSO,2020,"[""Lesotho Flash Appeal 2019-2020"",""GHRP (COVID) Famine Prevention 2020"",""GHRP (COVID) Unallocated supplementary NGO envelope 2020""]"
TUR,2015,"[""Syrian Arab Republic Regional Refugee and Resilience Plan (3RP) 2015""]"
EGY,2015,"[""Syrian Arab Republic Regional Refugee and Resilience Plan (3RP) 2015""]"
LBN,2015,"[""Syrian Arab Republic Regional Refugee and Resilience Plan (3RP) 2015""]"
ERI,2001,"[""Eritrea 2001""]"
MLI,2026,"[""Mali Besoins Humanitaires et Plan de Réponse 2026""]"
NGA,2016,"[""Nigeria Humanitarian Response Plan 2016"",""Sahel Region Call for Humanitarian Aid 2016""]"
ABW,2023,"[""Venezuela Regional Refugee and Migrant Response Plan (RMRP) 2023""]"
SYR,2018,"[""Syrian Arab Republic Humanitarian Response Plan 2018""]"
RUS,2007,"[""North Caucasus Transitional Workplan 2007""]"
ERI,2006,"[""Horn of Africa 2006 ""]"
SOM,2026,"[""Regional Migrant Response Plan for Horn of Africa to Yemen and Southern Africa 2026"",""Somalia Humanitarian Needs and Response Plan 2026""]"
MMR,2026,"[""Myanmar Humanitarian Needs and Response Plan 2026""]"
BGD,2026,"[""Rohingya Humanitarian Crisis Joint Response Plan 2026""]"
LKA,2026,"[""Sri Lanka Humanitarian Priorities Plan Cyclone Ditwa 2026""]"
TCD,2008,"[""Chad 2008""]"
BGR,2024,"[""Ukraine Situation Regional Refugee Response Plan 2024""]"
SLV,2023,"[""El Salvador Plan de Respuesta Humanitaria 2023""]"
CRI,2021,"[""Venezuela Regional Refugee and Migrant Response Plan (RMRP) 2021""]"
IRQ,2018,"[""Syrian Arab Republic regional refugee and resilience plan (3RP) 2018"",""Iraq Humanitarian Response Plan 2018""]"
CMR,2015,"[""Sahel Region Call for Humanitarian Aid 2015"",""Cameroun Plan de Réponse Stratégique 2015""]"
LBR,2014,"[""Ebola Outbreak Response Plan 2014""]"
CUB,2008,"[""Cuba Post-Hurricane Plan of Action 2008""]"
BFA,2026,"[""Burkina Faso Besoins Humanitaires et Plan de Réponse 2026""]"
VEN,2026,"[""Venezuela Plan de Respuesta Humanitaria 2026""]"
NGA,2023,"[""Nigeria Humanitarian Response Plan 2023""]"
DJI,2026,"[""Regional Migrant Response Plan for Horn of Africa to Yemen and Southern Africa 2026""]"
MRT,2018,"[""Mauritania  Plan de Travail Humanitaire 2018""]"
NER,2009,"[""West Africa 2009""]"
BDI,2002,"[""Burundi 2002""]"
POL,2023,"[""Ukraine Situation Regional Refugee Response Plan 2023""]"
UGA,2022,"[""South Sudan Regional Refugee Response Plan 2022"",""Democratic Republic of the Congo Regional Refugee Response Plan 2022""]"
LBN,2019,"[""Syrian Arab Republic Regional Refugee and Resilience Plan (3RP) 2019""]"
ARG,2024,"[""Venezuela Regional Refugee and Migrant Response Plan (RMRP) 2024""]"
PSE,2017,"[""Occupied Palestinian Territory Humanitarian Response Plan 2017""]"
CAF,2014,"[""République Centrafricaine Plan de Réponse Stratégique 2014""]"
AGO,2005,"[""Angola Marburg VHF  2005""]"
CUW,2025,"[""Venezuela Regional Refugee and Migrant Response Plan (RMRP) 2025""]"
EGY,2022,"[""Syrian Arab Republic Regional Refugee and Resilience Plan (3RP) 2022""]"
PAK,2009,"[""Pakistan Humanitarian Response Plan (Revised) 2008-2009""]"
URY,2024,"[""Venezuela Regional Refugee and Migrant Response Plan (RMRP) 2024""]"
GUY,2019,"[""Venezuela Regional Refugee and Migrant Response Plan (RMRP) 2019""]"
CMR,2017,"[""Cameroun Plan de Réponse Humanitaire 2017""]"
DJI,2015,"[""Djibouti Plan de Réponse Stratégique 2015""]"
SOM,2009,"[""Somalia 2009""]"
BRA,2026,"[""Venezuela Regional Refugee and Migrant Response Plan (RMRP) 2026""]"
TCD,2026,"[""Tchad Besoins Humanitaires et Plan de Réponse 2026"",""Sudan Emergency: Regional Refugee Response Plan 2026""]"
ARG,2021,"[""Venezuela Regional Refugee and Migrant Response Plan (RMRP) 2021""]"
LAO,2008,"[""Lao PDR Joint Appeal for Flood Recovery and Rehabilitation 2008""]"
SLE,2004,"[""Sierra Leone 2004""]"
MMR,2025,"[""Myanmar Original Humanitarian Needs and Response Plan 2025"",""Myanmar Earthquake HNRP Flash Addendum 2025""]"
PRY,2024,"[""Venezuela Regional Refugee and Migrant Response Plan (RMRP) 2024""]"
SOM,2017,"[""Somalia Humanitarian Response Plan 2017""]"
SDN,2015,"[""Sudan Strategic Response Plan 2015""]"
CIV,2010,"[""West Africa 2010""]"
LKA,2006,"[""Sri Lanka Common Humanitarian Action Plan 2006""]"
CAF,2004,"[""Central African Republic 2004""]"
URY,2021,"[""Venezuela Regional Refugee and Migrant Response Plan (RMRP) 2021""]"
UKR,2019,"[""Ukraine Humanitarian Response Plan 2019""]"
VGB,2017,"[""Hurricane Irma Regional Response Plan for the Caribbean Region 2017""]"
URY,2025,"[""Venezuela Regional Refugee and Migrant Response Plan (RMRP) 2025""]"
VNM,2025,"[""Viet Nam 24-25 Joint Response Plan for Typhoon Yagi and Floods 2025"",""Viet Nam 25-26 Joint Response Plan Multiple Typhoons and Floods 2025""]"
LBY,2024,"[""Libya Flood Response Flash Appeal 2024"",""Sudan Emergency: Regional Refugee Response Plan 2024""]"
TCD,2021,"[""Tchad Plan de Réponse Humanitaire 2021""]"
MLI,2015,"[""Sahel Region Call for Humanitarian Aid 2015"",""Mali Plan de Réponse Stratégique 2015""]"
ZWE,2009,"[""Zimbabwe 2009""]"
UZB,2023,"[""Afghanistan Situation Regional Refugee Response Plan 2023""]"
IRQ,2023,"[""Syrian Arab Republic Regional Refugee and Resilience Plan (3RP) 2023""]"
SOM,2012,"[""Somalia 2012""]"
MAF,2017,"[""Hurricane Irma Regional Response Plan for the Caribbean Region 2017""]"
TCD,2005,"[""Chad 2005""]"
HUN,2024,"[""Ukraine Situation Regional Refugee Response Plan 2024""]"
MMR,2024,"[""Myanmar Humanitarian Needs and Response Plan 2024""]"
PRY,2020,"[""GHRP (COVID) Global Humanitarian Response Plan 2020"",""Venezuela Regional Refugee and Migrant Response Plan (RMRP) 2020""]"
NER,2013,"[""Niger 2013""]"
JOR,2013,"[""Syria Regional Refugee Response Plan (RRP) 2013""]"
SDN,2011,"[""Sudan 2011""]"
DOM,2007,"[""Dominican Republic Flash Appeal 2007""]"
COG,2005,"[""Republic of Congo 2005""]"
UGA,2002,"[""Uganda 2002""]"
MOZ,2017,"[""Mozambique Cyclone Dineo Flash Appeal 2017""]"
HTI,2015,"[""Haiti Urgent Request for Humanitarian Funding 2015""]"
BRA,2024,"[""Venezuela Regional Refugee and Migrant Response Plan (RMRP) 2024""]"
LBY,2022,"[""Libya Humanitarian Response Plan 2022""]"
HND,2021,"[""Honduras Plan de Respuesta Humanitaria 2021"",""Honduras Tropical Storm Eta Flash Appeal 2021""]"
NER,2018,"[""Niger Plan de Réponse Humanitaire 2018""]"
DJI,2012,"[""Djibouti Appeal 2012""]"
JOR,2026,"[""Syrian Arab Republic Regional Refugee and Resilience Plan (3RP) 2026""]"
COL,2019,"[""Venezuela Regional Refugee and Migrant Response Plan (RMRP) 2019""]"
PSE,2015,"[""Occupied Palestinian Territory Strategic Response Plan 2015""]"
COD,2013,"[""Democratic Republic of the Congo 2013""]"
AFG,2011,"[""Afghanistan 2011""]"
TGO,2010,"[""West Africa 2010""]"
PHL,2009,"[""Philippines Flash Appeal  (Revised) (October 2009 - March 2010)""]"
MDG,2007,"[""Madagascar Floods Flash Appeal 2007""]"
GIN,2007,"[""West Africa 2007""]"
LBR,2006,"[""Liberia 2006""]"
COG,2001,"[""Republic of Congo 2001""]"
COD,2024,"[""République Démocratique du Congo Plan de Réponse Humanitaire 2024""]"
DOM,2023,"[""Venezuela Regional Refugee and Migrant Response Plan (RMRP) 2023""]"
NER,2023,"[""Niger Plan de Réponse Humanitaire 2023""]"
COG,2022,"[""Democratic Republic of the Congo Regional Refugee Response Plan 2022""]"
EGY,2019,"[""Syrian Arab Republic Regional Refugee and Resilience Plan (3RP) 2019""]"
TCD,2015,"[""Tchad Plan de Réponse Stratégique 2015"",""Sahel Region Call for Humanitarian Aid 2015""]"
SOM,2014,"[""Somalia Strategic Response Plan 2014""]"
EGY,2011,"[""Regional Flash Appeal for the Libyan Crisis (March - December 2011)""]"
URY,2026,"[""Venezuela Regional Refugee and Migrant Response Plan (RMRP) 2026""]"
AGO,2021,"[""Democratic Republic of the Congo Regional Refugee Response Plan 2021""]"
HND,2016,"[""Honduras Plan de Repuesta Humanitaria 2016""]"
ZWE,2012,"[""Zimbabwe 2012""]"
KGZ,2010,"[""Kyrgyzstan Flash Appeal (Revised) (June 2010 - June 2011)""]"
AFG,2010,"[""Afghanistan Humanitarian Action Plan 2010""]"
RUS,2003,"[""Chechnya and Neighbouring Republics (RF) 2003""]"
SOM,2002,"[""Somalia 2002""]"
CUB,2022,"[""Cuba Hurricane Ian Response - Plan of Action 2022""]"
MEX,2022,"[""Venezuela Regional Refugee and Migrant Response Plan (RMRP) 2022""]"
BGD,2021,"[""Rohingya Humanitarian Crisis Joint Response Plan 2021""]"
LBN,2006,"[""Lebanon Crisis 2006""]"
YEM,2010,"[""Yemen Humanitarian Response Plan 2010""]"
MWI,2002,"[""Humanitarian Crisis in Southern Africa 2002 - MALAWI""]"
BGD,2025,"[""Rohingya Humanitarian Crisis Joint Response Plan 2025"",""Bangladesh Cyclone Remal and Monsoon Floods Response Plan 2025""]"
MOZ,2023,"[""Mozambique Humanitarian Response Plan 2023"",""Mozambique Cyclone Freddy, Floods and Cholera Response Plan 2023""]"
MOZ,2022,"[""Mozambique Gombe Emergency Response Plan 2022"",""Mozambique Humanitarian Response Plan 2022""]"
SVK,2022,"[""Ukraine Situation Regional Refugee Response Plan 2022""]"
ROU,2022,"[""Ukraine Situation Regional Refugee Response Plan 2022""]"
NPL,2015,"[""Nepal Flash Appeal Earthquake 2015""]"
UGA,2015,"[""South Sudan Regional Refugee Response Plan 2015""]"
COD,2005,"[""Democratic Republic of the Congo 2005""]"
PHL,2004,"[""Philippines  2004""]"
LBY,2016,"[""Libya Sirt Flash Appeal 2016"",""Libya Humanitarian Response Plan 2015-2016""]"
YEM,2026,"[""Regional Migrant Response Plan for Horn of Africa to Yemen and Southern Africa 2026"",""Yemen Humanitarian Needs and Response Plan 2026""]"
PRY,2022,"[""Venezuela Regional Refugee and Migrant Response Plan (RMRP) 2022""]"
RWA,2007,"[""Great Lakes Region 2007""]"
SDN,2024,"[""Sudan Humanitarian Needs and Response Plan 2024""]"
COL,2025,"[""Venezuela Regional Refugee and Migrant Response Plan (RMRP) 2025"",""Colombia Necesidades Humanitarias y Plan de Respuesta 2025""]"
NGA,2010,"[""West Africa 2010""]"
CAF,2005,"[""Central African Republic 2005""]"
SLV,2025,"[""El Salvador Necesidades Humanitarias y Plan de Respuesta 2025""]"
VCT,2024,"[""Saint Vincent and The Grenadines Hurricane Beryl Flash Appeal 2024""]"
GHA,2010,"[""West Africa 2010""]"
ETH,2001,"[""Ethiopia 2001""]"
ZMB,2025,"[""Democratic Republic of the Congo Regional Refugee Response Plan 2025"",""Zambia Drought Flash Appeal 2025""]"
YEM,2013,"[""Yemen Humanitarian Response Plan 2013""]"
TCD,2009,"[""Chad 2009""]"
ZWE,2004,"[""Zimbabwe 2004""]"
BOL,2023,"[""Venezuela Regional Refugee and Migrant Response Plan (RMRP) 2023""]"
MDG,2022,"[""Madagascar Grand Sud and Grand Sud-Est Flash Appeal 2022""]"
CRI,2022,"[""Venezuela Regional Refugee and Migrant Response Plan (RMRP) 2022""]"
SVN,2016,"[""Regional Refugee and Migrant Response Plan for Europe 2016""]"
PAN,2025,"[""Venezuela Regional Refugee and Migrant Response Plan (RMRP) 2025""]"
PER,2025,"[""Venezuela Regional Refugee and Migrant Response Plan (RMRP) 2025""]"
EGY,2023,"[""Syrian Arab Republic Regional Refugee and Resilience Plan (3RP) 2023"",""Sudan Emergency: Regional Refugee Response Plan 2023""]"
ETH,2014,"[""South Sudan Regional Refugee Response Plan 2014""]"
NER,2011,"[""Niger 2011"",""Regional Flash Appeal for the Libyan Crisis (March - December 2011)""]"
HTI,2004,"[""Haiti  2004"",""Haiti Floods  2004""]"
POL,2022,"[""Ukraine Situation Regional Refugee Response Plan 2022""]"
CAF,2022,"[""République Centrafricaine Plan de Réponse Humanitaire 2022""]"
SSD,2011,"[""Republic of South Sudan 2011""]"
GHA,2009,"[""West Africa 2009""]"
SEN,2006,"[""West Africa 2006""]"
SLV,2024,"[""El Salvador Plan de Respuesta Humanitaria 2024""]"
VEN,2019,"[""Venezuela Plan de Respuesta Humanitaria 2019""]"
TCD,2004,"[""Chad 2004""]"
CIV,2003,"[""Côte d'Ivoire and the West Africa Sub-Region 2002-2003 "",""Cote d'Ivoire + 5 2003""]"
YEM,2011,"[""Yemen Humanitarian Response Plan 2011""]"
DOM,2026,"[""Venezuela Regional Refugee and Migrant Response Plan (RMRP) 2026""]"
LBN,2016,"[""Syrian Arab Republic Regional Refugee and Resilience Plan (3RP) 2016""]"
SSD,2012,"[""Republic of South Sudan 2012""]"
BGD,2004,"[""Bangladesh  2004""]"
ARG,2025,"[""Venezuela Regional Refugee and Migrant Response Plan (RMRP) 2025""]"
HTI,2023,"[""Haïti Plan de Réponse Humanitaire 2023""]"
SWZ,2007,"[""Swaziland Drought Flash Appeal 2007""]"
ERI,2003,"[""Eritrea 2003""]"
BDI,2025,"[""Democratic Republic of the Congo Regional Refugee Response Plan 2025""]"
PSE,2024,"[""Escalation of Hostilities in the OPT Flash Appeal 2024""]"
CAF,2020,"[""GHRP (COVID) Famine Prevention 2020"",""GHRP (COVID) Global Humanitarian Response Plan 2020"",""GHRP (COVID) Unallocated supplementary NGO envelope 2020"",""République Centrafricaine Plan de Réponse Humanitaire 2020""]"
AFG,2020,"[""GHRP (COVID) Global Humanitarian Response Plan 2020"",""GHRP (COVID) Unallocated supplementary NGO envelope 2020"",""GHRP (COVID) Famine Prevention 2020"",""Afghanistan Humanitarian Response Plan 2020""]"
ARG,2020,"[""GHRP (COVID) Global Humanitarian Response Plan 2020"",""Venezuela Regional Refugee and Migrant Response Plan (RMRP) 2020""]"
HTI,2017,"[""Haiti Humanitarian Response Plan 2017""]"
MRT,2006,"[""West Africa 2006""]"
MDG,2024,"[""Madagascar Grand Sud and Grand Sud-Est Flash Appeal 2024""]"
EGY,2024,"[""Sudan Emergency: Regional Refugee Response Plan 2024"",""Syrian Arab Republic Regional Refugee and Resilience Plan (3RP) 2024""]"
CUW,2024,"[""Venezuela Regional Refugee and Migrant Response Plan (RMRP) 2024""]"
LVA,2023,"[""Ukraine Situation Regional Refugee Response Plan 2023""]"
COL,2021,"[""Venezuela Regional Refugee and Migrant Response Plan (RMRP) 2021"",""Colombia Plan de Respuesta Humanitaria 2021""]"
SDN,2020,"[""GHRP (COVID) Famine Prevention 2020"",""Sudan Humanitarian Response Plan 2020"",""GHRP (COVID) Unallocated supplementary NGO envelope 2020"",""GHRP (COVID) Global Humanitarian Response Plan 2020""]"
CMR,2020,"[""GHRP (COVID) Famine Prevention 2020"",""Cameroon Humanitarian Response Plan 2020"",""GHRP (COVID) Unallocated supplementary NGO envelope 2020"",""GHRP (COVID) Global Humanitarian Response Plan 2020""]"
SYR,2020,"[""GHRP (COVID) Global Humanitarian Response Plan 2020"",""GHRP (COVID) Famine Prevention 2020"",""GHRP (COVID) Unallocated supplementary NGO envelope 2020"",""Syrian Arab Republic Humanitarian Response Plan 2020""]"
URY,2020,"[""Venezuela Regional Refugee and Migrant Response Plan (RMRP) 2020"",""GHRP (COVID) Global Humanitarian Response Plan 2020""]"
HTI,2016,"[""Haiti Humanitarian Response Plan 2016"",""Haiti Hurricane Matthew Flash Appeal 2016""]"
YEM,2012,"[""Yemen Humanitarian Response Plan 2012""]"
MLI,2007,"[""West Africa 2007""]"
NER,2007,"[""West Africa 2007""]"
KEN,2001,"[""Kenya Drought 2001""]"
ZWE,2024,"[""Zimbabwe Drought Flash Appeal 2024""]"
ECU,2023,"[""Venezuela Regional Refugee and Migrant Response Plan (RMRP) 2023""]"
BFA,2020,"[""GHRP (COVID) Global Humanitarian Response Plan 2020"",""Burkina Faso Plan de Réponse Humanitaire 2020"",""GHRP (COVID) Unallocated supplementary NGO envelope 2020"",""GHRP (COVID) Famine Prevention 2020""]"
SLE,2002,"[""Sierra Leone 2002""]"
MEX,2021,"[""Venezuela Regional Refugee and Migrant Response Plan (RMRP) 2021""]"
HTI,2019,"[""Haïti Plan de Réponse Humanitaire 2019""]"
MMR,2018,"[""Myanmar Interim Humanitarian Response Plan 2018""]"
BDI,2018,"[""Burundi Plan de Réponse Humanitaire 2018""]"
EST,2025,"[""Ukraine Situation Regional Refugee Response Plan 2025""]"
HTI,2012,"[""Haiti 2012""]"
UGA,2024,"[""Sudan Emergency: Regional Refugee Response Plan 2024"",""Democratic Republic of the Congo Regional Refugee Response Plan 2024"",""South Sudan Regional Refugee Response Plan 2024""]"
LBN,2024,"[""Syrian Arab Republic Regional Refugee and Resilience Plan (3RP) 2024"",""Lebanon Flash Appeal 2024""]"
SSD,2020,"[""South Sudan Humanitarian Response Plan 2020"",""GHRP (COVID) Global Humanitarian Response Plan 2020"",""GHRP (COVID) Famine Prevention 2020"",""GHRP (COVID) Unallocated supplementary NGO envelope 2020""]"
TCD,2007,"[""Chad 2007""]"
PAK,2024,"[""Afghanistan Situation Regional Refugee Response Plan 2024""]"
GNB,2010,"[""West Africa 2010""]"
KEN,2009,"[""Kenya Emergency Humanitarian Response Plan 2009""]"
CAF,2021,"[""République Centrafricaine Plan de Réponse Humanitaire 2021""]"
HTI,2018,"[""Haiti Humanitarian Response Plan 2018""]"
EGY,2017,"[""Syrian Arab Republic Regional Refugee and Resilience Plan (3RP) 2017""]"
MRT,2009,"[""West Africa 2009""]"
CIV,2005,"[""Cote d'Ivoire 2005""]"
PAN,2026,"[""Venezuela Regional Refugee and Migrant Response Plan (RMRP) 2026""]"
YEM,2017,"[""Yemen Humanitarian Response Plan 2017""]"
SDN,2009,"[""Sudan 2009""]"
PER,2007,"[""Peru Earthquake Flash Appeal 2007""]"
COD,2004,"[""Democratic Republic of the Congo 2004""]"
ERI,2004,"[""Eritrea 2004""]"
BFA,2012,"[""Burkina Faso 2012""]"
AFG,2012,"[""Afghanistan 2012""]"
ROU,2023,"[""Ukraine Situation Regional Refugee Response Plan 2023""]"
RUS,2005,"[""Chechnya and Neighbouring Republics (RF) 2005""]"
IDN,2003,"[""Indonesia 2003""]"
LKA,2022,"[""Sri Lanka Multi-Dimensional Crisis Humanitarian Needs and Priorities 2022""]"
SSD,2021,"[""South Sudan Humanitarian Response Plan 2021""]"
COD,2021,"[""République Démocratique du Congo Plan de Réponse Humanitaire 2021""]"
SYR,2017,"[""Syrian Arab Republic Humanitarian Response Plan 2017""]"
NER,2006,"[""West Africa 2006""]"
HTI,2013,"[""Haiti Humanitarian Action Plan 2013""]"
PRK,2011,"[""Korea DPR : Overview of Needs and Assistance 2011""]"
COD,2002,"[""Democratic Republic of the Congo 2002""]"
CRI,2023,"[""Venezuela Regional Refugee and Migrant Response Plan (RMRP) 2023""]"
MDG,2009,"[""Madagascar Flash Appeal (Revised) (April - October 2009)""]"
PSE,2007,"[""occupied Palestinian territory 2007""]"
UGA,2026,"[""Uganda Regional Refugee Response Plan 2026"",""Sudan Emergency: Regional Refugee Response Plan 2026""]"
BRA,2025,"[""Venezuela Regional Refugee and Migrant Response Plan (RMRP) 2025""]"
BDI,2023,"[""Burundi Plan de Réponse Humanitaire 2023""]"
GTM,2022,"[""Guatemala Plan de Respuesta Humanitaria 2022""]"
AFG,2021,"[""Afghanistan Flash Appeal 2021"",""Afghanistan Humanitarian Response Plan 2021""]"
LBR,2020,"[""Liberia Intersectoral COVID-19 Response Plan 2020"",""GHRP (COVID) Famine Prevention 2020"",""GHRP (COVID) Unallocated supplementary NGO envelope 2020""]"
NGA,2018,"[""Nigeria Humanitarian Response Plan 2018""]"
SYR,2013,"[""Syria Humanitarian Assistance Response Plan (SHARP) 2013""]"
ZWE,2002,"[""Humanitarian Crisis in Southern Africa 2002 - ZIMBABWE""]"
MLI,2025,"[""Mali Besoins Humanitaires et Plan de Réponse 2025""]"
ETH,2025,"[""Regional Migrant Response Plan for Horn of Africa to Yemen and Southern Africa 2025"",""South Sudan Regional Refugee Response Plan 2025"",""Sudan Emergency: Regional Refugee Response Plan 2025""]"
KEN,2023,"[""Kenya Drought Response Plan 2023"",""South Sudan Regional Refugee Response Plan 2023""]"
GUY,2021,"[""Venezuela Regional Refugee and Migrant Response Plan (RMRP) 2021""]"
MMR,2016,"[""Myanmar Humanitarian Response Plan 2016""]"
EGY,2016,"[""Syrian Arab Republic Regional Refugee and Resilience Plan (3RP) 2016""]"
PHL,2014,"[""Philippines Zamboanga Crisis Flash Appeal 2014"",""Philippines Bohol Earthquake Flash Appeal 2014"",""Philippines Typhoon Haiyan Strategic Response Plan 2014""]"
UGA,2007,"[""Uganda Floods Flash Appeal 2007"",""Uganda 2007""]"
RUS,2000,"[""Northern Caucasus (Russian Federation) Consolidated Inter Agency Appeal 2000""]"
PER,2026,"[""Venezuela Regional Refugee and Migrant Response Plan (RMRP) 2026""]"
LBY,2025,"[""Sudan Emergency: Regional Refugee Response Plan 2025""]"
COD,2017,"[""République Démocratique du Congo Plan de Réponse Humanitaire 2017""]"
SSD,2017,"[""South Sudan Humanitarian Response Plan 2017""]"
PRK,2016,"[""DPR Korea Needs and Priorities 2016""]"
MLI,2016,"[""Sahel Region Call for Humanitarian Aid 2016"",""Mali Plan de Réponse Humanitaire 2016""]"
BFA,2016,"[""Sahel Region Call for Humanitarian Aid 2016"",""Burkina Faso Plan de Réponse Humanitaire 2016""]"
ZWE,2010,"[""Zimbabwe 2010""]"
LBR,2007,"[""Liberia Common Humanitarian Action Plan 2007"",""West Africa 2007""]"
TJK,2006,"[""Tajikistan Earthquake 2006""]"
TUR,2025,"[""Syrian Arab Republic Regional Refugee and Resilience Plan (3RP) 2025""]"
COG,2025,"[""Democratic Republic of the Congo Regional Refugee Response Plan 2025""]"
BGR,2023,"[""Ukraine Situation Regional Refugee Response Plan 2023""]"
KEN,2022,"[""South Sudan Regional Refugee Response Plan 2022"",""Kenya Drought Flash Appeal 2022""]"
NGA,2017,"[""Nigeria Humanitarian Response Plan 2017""]"
NAM,2011,"[""Namibia Flash Appeal (April - October 2011)""]"
HTI,2011,"[""Haiti 2011""]"
COD,2026,"[""République Démocratique du Congo Besoins Humanitaires et Plan de Réponse 2026""]"
UKR,2022,"[""Ukraine Humanitarian Response Plan 2022"",""Ukraine Flash Appeal 2022""]"
AFG,2014,"[""Afghanistan Strategic Response Plan 2014""]"
NPL,2006,"[""Nepal 2005-2006""]"
AFG,2025,"[""Afghanistan Humanitarian Needs and Response Plan 2025""]"
TUR,2023,"[""Türkiye Earthquake Flash Appeal 2023"",""Syrian Arab Republic Regional Refugee and Resilience Plan (3RP) 2023""]"
DOM,2020,"[""GHRP (COVID) Global Humanitarian Response Plan 2020"",""Venezuela Regional Refugee and Migrant Response Plan (RMRP) 2020""]"
PER,2017,"[""Perú Costa Norte Flash Appeal 2017""]"
GNB,2007,"[""West Africa 2007""]"
PHL,2022,"[""Philippines Super Typhoon Rai (Odette) Humanitarian Needs and Priorities 2022""]"
TUR,2021,"[""Syrian Arab Republic Regional Refugee and Resilience Plan (3RP) 2021""]"
CUW,2019,"[""Venezuela Regional Refugee and Migrant Response Plan (RMRP) 2019""]"
PSE,2005,"[""occupied Palestinian territory 2005""]"
PRK,2000,"[""DPR of Korea 2000""]"
ZMB,2022,"[""Democratic Republic of the Congo Regional Refugee Response Plan 2022""]"
ECU,2021,"[""Venezuela Regional Refugee and Migrant Response Plan (RMRP) 2021""]"
KEN,2002,"[""Kenya Drought Donor Alert 2002""]"
SLE,2001,"[""Sierra Leone 2001""]"
VNM,2024,"[""Viet Nam 24-25 Joint Response Plan for Typhoon Yagi and Floods 2024""]"
MKD,2016,"[""Regional Refugee and Migrant Response Plan for Europe 2016""]"
MRT,2016,"[""Mauritanie Plan de Réponse Humanitaire 2016"",""Sahel Region Call for Humanitarian Aid 2016""]"
PSE,2010,"[""occupied Palestinian territory 2010""]"
ZWE,2006,"[""Zimbabwe 2006""]"
BEN,2005,"[""Benin  2005""]"
TJK,2004,"[""Tajikistan 2004""]"
RWA,2024,"[""Democratic Republic of the Congo Regional Refugee Response Plan 2024""]"
SDN,2005,"[""Sudan - Humanitarian & Recovery Components of the 2005 Work Plan""]"
UGA,2001,"[""Uganda 2001""]"
HND,2025,"[""Honduras Necesidades Humanitarias y Plan de Respuesta 2025""]"
CMR,2025,"[""Cameroon Humanitarian Response Plan 2025""]"
JOR,2018,"[""Syrian Arab Republic regional refugee and resilience plan (3RP) 2018""]"
CAF,2009,"[""Central African Republic 2009""]"
HTI,2008,"[""Haiti Flash Appeal (Revised) 2008""]"
YEM,2024,"[""Yemen Humanitarian Response Plan 2024""]"
CUW,2021,"[""Venezuela Regional Refugee and Migrant Response Plan (RMRP) 2021""]"
BLM,2017,"[""Hurricane Irma Regional Response Plan for the Caribbean Region 2017""]"
SYR,2015,"[""Syrian Arab Republic Strategic Response Plan 2015""]"
NIC,2007,"[""Nicaragua Flash Appeal 2007""]"
SOM,2025,"[""Regional Migrant Response Plan for Horn of Africa to Yemen and Southern Africa 2025"",""Somalia Humanitarian Needs and Response Plan 2025""]"
IRN,2019,"[""Islamic Republic of Iran Floods Response Plan 2019""]"
PRK,2007,"[""Korea DPR Flash Appeal: Floods Emergency 2007""]"
TLS,2007,"[""Timor-Leste 2007""]"
BFA,2013,"[""Burkina Faso 2013""]"
MLI,2013,"[""Mali 2013""]"
BDI,2006,"[""Burundi 2006""]"
SOM,2000,"[""Somalia 2000""]"
TTO,2023,"[""Venezuela Regional Refugee and Migrant Response Plan (RMRP) 2023""]"
NER,2021,"[""Niger Plan de Réponse Humanitaire 2021""]"
CHL,2021,"[""Venezuela Regional Refugee and Migrant Response Plan (RMRP) 2021""]"
TCD,2011,"[""Chad 2011""]"
LBR,2003,"[""Liberia 2003""]"
BOL,2022,"[""Venezuela Regional Refugee and Migrant Response Plan (RMRP) 2022""]"
LBY,2026,"[""Sudan Emergency: Regional Refugee Response Plan 2026""]"
PHL,2025,"[""Philippines Tropical Cyclones and Floods Humanitarian Needs and Priorities 2025""]"
UGA,2020,"[""Democratic Republic of the Congo Regional Refugee Response Plan 2020"",""GHRP (COVID) Famine Prevention 2020"",""Burundi Regional Refugee Response Plan 2020"",""Uganda Intersectoral COVID-19 Response Plan 2020"",""GHRP (COVID) Unallocated supplementary NGO envelope 2020"",""South Sudan Regional Refugee Response Plan 2020"",""GHRP (COVID) Global Humanitarian Response Plan 2020""]"
BFA,2009,"[""West Africa 2009"",""Burkina Faso Flash Appeal (September 2009 - February 2010)""]"
MDG,2004,"[""Madagascar  2004""]"
KEN,2024,"[""Regional Migrant Response Plan for Horn of Africa to Yemen and Southern Africa 2024"",""South Sudan Regional Refugee Response Plan 2024""]"
TCD,2016,"[""Sahel Region Call for Humanitarian Aid 2016"",""Tchad Plan de Réponse Humanitaire 2016""]"
DJI,2005,"[""Djibouti Drought  2005""]"
PSE,2023,"[""Escalation of Hostilities in the OPT Flash Appeal 2023"",""Occupied Palestinian Territory Humanitarian Response Plan 2023""]"
SDN,2021,"[""Sudan Humanitarian Response Plan 2021""]"
MLI,2021,"[""Mali Plan de Réponse Humanitaire 2021""]"
BEN,2020,"[""GHRP (COVID) Unallocated supplementary NGO envelope 2020"",""Bénin Plan de Réponse Intersectorielle COVID-19 2020"",""GHRP (COVID) Famine Prevention 2020""]"
UKR,2024,"[""Ukraine Humanitarian Needs and Response Plan 2024""]"
ETH,2021,"[""Regional Migrant Response Plan for the Horn of Africa and Yemen 2021"",""Northern Ethiopia Response Plan 2021"",""Ethiopia Humanitarian Response Plan 2021"",""South Sudan Regional Refugee Response Plan 2021""]"
TCD,2020,"[""GHRP (COVID) Global Humanitarian Response Plan 2020"",""Tchad Plan de Réponse Humanitaire 2020"",""GHRP (COVID) Famine Prevention 2020"",""GHRP (COVID) Unallocated supplementary NGO envelope 2020""]"
FJI,2016,"[""Fiji Tropical Cyclone Winston Flash Appeal 2016""]"
COD,2001,"[""Democratic Republic of the Congo 2001""]"
IDN,2001,"[""Maluku Crisis 2001""]"
YEM,2018,"[""Yemen Humanitarian Response Plan 2018""]"
ZWE,2013,"[""Zimbabwe 2013""]"
SDN,2003,"[""Sudan 2003""]"
NPL,2024,"[""Nepal Humanitarian Needs and Priorities Floods Response Plan 2024""]"
LBY,2019,"[""Libya Humanitarian Response Plan 2019""]"
ZMB,2007,"[""Zambia Floods Flash Appeal 2007""]"
TGO,2020,"[""Togo Plan de Réponse Intersectorielle COVID-19 2020"",""GHRP (COVID) Famine Prevention 2020"",""GHRP (COVID) Unallocated supplementary NGO envelope 2020""]"
NER,2016,"[""Sahel Region Call for Humanitarian Aid 2016"",""Niger Plan de Réponse Humanitaire 2016""]"
MMR,2014,"[""Myanmar Strategic Response Plan 2014""]"
TCD,2010,"[""Chad 2010""]"
ZWE,2003,"[""Humanitarian Crisis in Southern Africa - ZIMBABWE (July - December 2003)""]"
TCD,2025,"[""Tchad Besoins Humanitaires et Plan de Réponse 2025""]"
DJI,2025,"[""Regional Migrant Response Plan for Horn of Africa to Yemen and Southern Africa 2025""]"
AFG,2013,"[""Afghanistan 2013""]"
CAF,2010,"[""Central African Republic 2010""]"
PRY,2026,"[""Venezuela Regional Refugee and Migrant Response Plan (RMRP) 2026""]"
LVA,2025,"[""Ukraine Situation Regional Refugee Response Plan 2025""]"
GUY,2024,"[""Venezuela Regional Refugee and Migrant Response Plan (RMRP) 2024""]"
NER,2019,"[""Niger Plan de Réponse Humanitaire 2019""]"
CAF,2013,"[""Central African Republic 2013""]"
SLE,2003,"[""Sierra Leone 2003""]"
CRI,2026,"[""Venezuela Regional Refugee and Migrant Response Plan (RMRP) 2026""]"
SYR,2021,"[""Syrian Arab Republic Humanitarian Response Plan 2021""]"
BOL,2020,"[""Venezuela Regional Refugee and Migrant Response Plan (RMRP) 2020"",""GHRP (COVID) Global Humanitarian Response Plan 2020""]"
LBR,2009,"[""West Africa 2009""]"
HTI,2003,"[""Haiti (PIR) 2003""]"
LVA,2024,"[""Ukraine Situation Regional Refugee Response Plan 2024""]"
CHL,2020,"[""Venezuela Regional Refugee and Migrant Response Plan (RMRP) 2020"",""GHRP (COVID) Global Humanitarian Response Plan 2020""]"
TJK,2000,"[""Tajikistan 2000""]"
VEN,2021,"[""Venezuela Plan de Respuesta Humanitaria 2021""]"
TUR,2014,"[""Syria Regional Refugee Response Plan 2014""]"
NER,2012,"[""Niger 2012""]"
SDN,2000,"[""Sudan 2000""]"
HUN,2025,"[""Ukraine Situation Regional Refugee Response Plan 2025""]"
PAN,2022,"[""Venezuela Regional Refugee and Migrant Response Plan (RMRP) 2022""]"
BGD,2022,"[""Rohingya Humanitarian Crisis Joint Response Plan 2022""]"
BFA,2021,"[""Burkina Faso Plan de Réponse Humanitaire 2021""]"
NGA,2022,"[""Nigeria Humanitarian Response Plan 2022""]"
URY,2019,"[""Venezuela Regional Refugee and Migrant Response Plan (RMRP) 2019""]"
KNA,2017,"[""Hurricane Irma Regional Response Plan for the Caribbean Region 2017""]"
MOZ,2007,"[""Mozambique Floods and Cyclone Flash Appeal 2007""]"
SOM,2022,"[""Somalia Humanitarian Response Plan 2022"",""Regional Migrant Response Plan for the Horn of Africa and Yemen 2022""]"
TZA,2020,"[""GHRP (COVID) Unallocated supplementary NGO envelope 2020"",""Burundi Regional Refugee Response Plan 2020"",""GHRP (COVID) Famine Prevention 2020"",""Democratic Republic of the Congo Regional Refugee Response Plan 2020"",""GHRP (COVID) Global Humanitarian Response Plan 2020"",""Tanzania Intersectoral COVID-19 Response Plan 2020""]"
ZMB,2024,"[""Zambia Drought Flash Appeal 2024"",""Democratic Republic of the Congo Regional Refugee Response Plan 2024""]"
MMR,2021,"[""Myanmar Humanitarian Response Plan 2021"",""Myanmar Interim Emergency Response Plan 2021""]"
TTO,2020,"[""GHRP (COVID) Global Humanitarian Response Plan 2020"",""Venezuela Regional Refugee and Migrant Response Plan (RMRP) 2020""]"
TCD,2017,"[""Tchad Plan de Réponse Humanitaire 2017""]"
LKA,2008,"[""Sri Lanka Common Humanitarian Action Plan 2008""]"
UGA,2025,"[""Sudan Emergency: Regional Refugee Response Plan 2025"",""Democratic Republic of the Congo Regional Refugee Response Plan 2025"",""South Sudan Regional Refugee Response Plan 2025""]"
MWI,2025,"[""Malawi Drought Response Flash Appeal 2025""]"
PSE,2022,"[""Occupied Palestinian Territory Humanitarian Response Plan 2022""]"
ZMB,2020,"[""GHRP (COVID) Unallocated supplementary NGO envelope 2020"",""GHRP (COVID) Famine Prevention 2020"",""GHRP (COVID) Global Humanitarian Response Plan 2020"",""Democratic Republic of the Congo Regional Refugee Response Plan 2020"",""Zambia Humanitarian Appeal 2020"",""Zambia Intersectoral COVID-19 Response Plan 2020""]"
NGA,2014,"[""Sahel Region Strategic Response Plan 2014"",""Nigeria Strategic Response Plan 2014""]"
PHL,2012,"[""Philippines Humanitarian Action Plan 2012""]"
UKR,2026,"[""Ukraine Humanitarian Needs and Response Plan 2026""]"
BDI,2016,"[""Burundi Plan de Réponse Humanitaire 2016""]"
KEN,2013,"[""Kenya Emergency Humanitarian Response Plan 2013""]"
BOL,2008,"[""Bolivia Flash Appeal 2008 [unrevised as of Oct. 2008; appeal closed at 80% funding and unmet requirements reduced to zero]""]"
MOZ,2019,"[""Mozambique Humanitarian Response Plan 2019""]"
SDN,2017,"[""Sudan Humanitarian Response Plan 2017""]"
SSD,2014,"[""South Sudan Crisis Response Plan 2014""]"
PER,2021,"[""Venezuela Regional Refugee and Migrant Response Plan (RMRP) 2021""]"
GUY,2020,"[""Venezuela Regional Refugee and Migrant Response Plan (RMRP) 2020"",""GHRP (COVID) Global Humanitarian Response Plan 2020""]"
SLE,2014,"[""Ebola Outbreak Response Plan 2014""]"
BDI,2001,"[""Burundi 2001""]"
PSE,2019,"[""Occupied Palestinian Territory Humanitarian Response Strategy 2019""]"
SOM,2015,"[""Somalia Strategic Response Plan 2015""]"
MMR,2015,"[""Myanmar Strategic Response Plan 2015""]"
HND,2024,"[""Honduras Necesidades Humanitarias y Plan de Respuesta 2024""]"
MDA,2023,"[""Ukraine Situation Regional Refugee Response Plan 2023""]"
GMB,2014,"[""Gambia Strategic Response Plan 2014"",""Sahel Region Strategic Response Plan 2014""]"
COD,2010,"[""Democratic Republic of the Congo 2010""]"
LKA,2009,"[""Sri Lanka Common Humanitarian Action Plan 2009""]"
AGO,2023,"[""Democratic Republic of the Congo Regional Refugee Response Plan 2023""]"
MWI,2003,"[""Humanitarian Crisis in Southern Africa - MALAWI (July 2003 - June 2004)""]"
PRK,2003,"[""DPR of Korea 2003""]"
PRK,2002,"[""DPR of Korea 2002""]"
CZE,2024,"[""Ukraine Situation Regional Refugee Response Plan 2024""]"
MLI,2022,"[""Mali Plan de Réponse Humanitaire 2022""]"
DMA,2017,"[""Dominica Hurricane Maria Flash Appeal 2017""]"
IDN,2006,"[""Indonesia Earthquake Response Plan 2006""]"
COL,2024,"[""Colombia Plan de Respuesta a Prioridades Comunitarias Colombia 2024 - 2025"",""Venezuela Regional Refugee and Migrant Response Plan (RMRP) 2024""]"
BGD,2023,"[""Rohingya Humanitarian Crisis Joint Response Plan 2023""]"
IRQ,2022,"[""Iraq Humanitarian Response Plan 2022"",""Syrian Arab Republic Regional Refugee and Resilience Plan (3RP) 2022""]"
CUB,2013,"[""Cuba Plan of Action 2012 - 2013 (November 2012 - December 2013)""]"
COD,2009,"[""Democratic Republic of the Congo 2009""]"
IDN,2004,"[""Indonesia 2004 ""]"
SYR,2025,"[""Syrian Arab Republic Humanitarian Response Priorities – January-December 2025""]"
TUR,2024,"[""Syrian Arab Republic Regional Refugee and Resilience Plan (3RP) 2024""]"
COG,2017,"[""Congo Plan de Réponse Humanitaire 2017""]"
GNB,2008,"[""West Africa 2008""]"
BGD,2018,"[""Rohingya Humanitarian Crisis Joint Response Plan 2018""]"
SOM,2018,"[""Somalia Humanitarian Response Plan 2018""]"
SDN,2004,"[""Sudan 2004""]"
MEX,2025,"[""Venezuela Regional Refugee and Migrant Response Plan (RMRP) 2025""]"
PAN,2023,"[""Venezuela Regional Refugee and Migrant Response Plan (RMRP) 2023""]"
TUR,2019,"[""Syrian Arab Republic Regional Refugee and Resilience Plan (3RP) 2019""]"
YEM,2016,"[""Yemen Humanitarian Response Plan 2016""]"
LBR,2004,"[""Liberia 2004""]"
GIN,2002,"[""Guinea 2002""]"
TTO,2026,"[""Venezuela Regional Refugee and Migrant Response Plan (RMRP) 2026""]"
IRQ,2024,"[""Syrian Arab Republic Regional Refugee and Resilience Plan (3RP) 2024""]"
ARG,2022,"[""Venezuela Regional Refugee and Migrant Response Plan (RMRP) 2022""]"
PAK,2012,"[""Pakistan Early Recovery Framework 2012""]"
ZWE,2007,"[""Zimbabwe 2007""]"
UZB,2022,"[""Afghanistan Situation Regional Refugee Response Plan 2022""]"
AFG,2018,"[""Afghanistan Humanitarian Response Plan 2018""]"
CIV,2008,"[""Côte d'Ivoire 2008""]"
ERI,2002,"[""Eritrea 2002""]"
CUW,2026,"[""Venezuela Regional Refugee and Migrant Response Plan (RMRP) 2026""]"
EGY,2026,"[""Sudan Emergency: Regional Refugee Response Plan 2026""]"
COG,2014,"[""République du Congo Plan de Réponse 2014""]"
BGR,2025,"[""Ukraine Situation Regional Refugee Response Plan 2025""]"
MRT,2014,"[""Mauritanie Plan de Réponse Stratégique 2014"",""Sahel Region Strategic Response Plan 2014""]"
LKA,2011,"[""Sri Lanka Floods Flash Appeal (Revised) (January - June 2011)"",""Sri Lanka Joint Plan of Assistance to the Northern Province (JPA) 2011""]"
LSO,2007,"[""Lesotho Drought Flash Appeal 2007""]"
GNB,2006,"[""West Africa 2006"",""Guinea-Bissau 2006 ""]"
TZA,2026,"[""Regional Migrant Response Plan for Horn of Africa to Yemen and Southern Africa 2026""]"
PRY,2023,"[""Venezuela Regional Refugee and Migrant Response Plan (RMRP) 2023""]"
UKR,2020,"[""GHRP (COVID) Famine Prevention 2020"",""Ukraine Humanitarian Response Plan 2020"",""GHRP (COVID) Global Humanitarian Response Plan 2020"",""GHRP (COVID) Unallocated supplementary NGO envelope 2020""]"
PAN,2019,"[""Venezuela Regional Refugee and Migrant Response Plan (RMRP) 2019""]"
MDG,2008,"[""Madagascar Flash Appeal 2008 [unrevised as of Nov. 2008; appeal closed at 50% funding and unmet requirements reduced to zero] ""]"
BFA,2015,"[""Burkina Faso Plan de Réponse Stratégique 2015"",""Sahel Region Call for Humanitarian Aid 2015""]"
ZMB,2021,"[""Democratic Republic of the Congo Regional Refugee Response Plan 2021""]"
YEM,2009,"[""Yemen Flash Appeal (Revised) (September - December 2009)""]"
SEN,2007,"[""West Africa 2007""]"
TCD,2006,"[""Chad 2006""]"
BFA,2006,"[""West Africa 2006""]"
UKR,2025,"[""Ukraine Humanitarian Needs and Response Plan 2025""]"
ARG,2023,"[""Venezuela Regional Refugee and Migrant Response Plan (RMRP) 2023""]"
MMR,2017,"[""Myanmar Humanitarian Response Plan 2017""]"
UGA,2003,"[""Uganda 2003""]"
LBY,2023,"[""Libya Flood Response Flash Appeal 2023""]"
PER,2020,"[""GHRP (COVID) Global Humanitarian Response Plan 2020"",""Venezuela Regional Refugee and Migrant Response Plan (RMRP) 2020""]"
TCD,2014,"[""Sahel Region Strategic Response Plan 2014"",""Tchad Plan de Réponse Stratégique 2014""]"
PHL,2011,"[""Mindanao Humanitarian Action Plan 2011""]"
PSE,2008,"[""occupied Palestinian territory 2008""]"
LBR,2002,"[""Liberia 2002""]"
COL,2026,"[""Venezuela Regional Refugee and Migrant Response Plan (RMRP) 2026"",""Colombia Necesidades Humanitarias y Plan de Respuesta 2026""]"
POL,2025,"[""Ukraine Situation Regional Refugee Response Plan 2025""]"
BRA,2019,"[""Venezuela Regional Refugee and Migrant Response Plan (RMRP) 2019""]"
SEN,2017,"[""Sénégal Plan de Réponse Humanitaire 2017""]"
UGA,2004,"[""Uganda 2004""]"
TZA,2001,"[""Tanzania (United Republic of) 2001"",""Tanzania (United Republic of) Drought 2001""]"
AGO,2024,"[""Democratic Republic of the Congo Regional Refugee Response Plan 2024""]"
BRA,2023,"[""Venezuela Regional Refugee and Migrant Response Plan (RMRP) 2023""]"
BFA,2022,"[""Burkina Faso Plan de Réponse Humanitaire 2022""]"
SYR,2010,"[""Regional Response Plan for Iraqi Refugees 2010""]"
RUS,2004,"[""Chechnya and Neighbouring Republics (RF) 2004""]"
TUR,2026,"[""Syrian Arab Republic Regional Refugee and Resilience Plan (3RP) 2026""]"
SVK,2023,"[""Ukraine Situation Regional Refugee Response Plan 2023""]"
PSE,2013,"[""occupied Palestinian territory 2013""]"
NIC,2011,"[""Nicaragua Flash Appeal (October 2011 - April 2012)""]"
NPL,2010,"[""Nepal Humanitarian Transition Appeal 2010""]"
NER,2008,"[""West Africa 2008""]"
TZA,2004,"[""Tanzania (United Republic of) 2004""]"
AGO,2002,"[""Angola 2002""]"
NER,2025,"[""Niger Besoins Humanitaires et Plan de Réponse 2025""]"
MWI,2022,"[""Malawi Flash Appeal 2022""]"
BDI,2022,"[""Burundi Plan de Réponse Humanitaire 2022""]"
COD,2022,"[""République Démocratique du Congo Plan de Réponse Humanitaire 2022""]"
MLI,2009,"[""West Africa 2009""]"
PAK,2019,"[""Pakistan Response Plan 2019""]"
TTO,2021,"[""Venezuela Regional Refugee and Migrant Response Plan (RMRP) 2021""]"
TCD,2018,"[""Tchad Plan de Réponse Humanitaire 2018""]"
SDN,2012,"[""Sudan 2012""]"
SOM,2010,"[""Somalia 2010""]"
CHL,2022,"[""Venezuela Regional Refugee and Migrant Response Plan (RMRP) 2022""]"
EGY,2018,"[""Syrian Arab Republic regional refugee and resilience plan (3RP) 2018""]"
SDN,2018,"[""Sudan Humanitarian Response Plan 2018""]"
SDN,2008,"[""Sudan Work Plan 2008 (Humanitarian/Early Recovery Component) ""]"
MLI,2008,"[""West Africa 2008""]"
SLE,2000,"[""Sierra Leone 2000""]"
GUY,2005,"[""Guyana  2005""]"
VNM,2026,"[""Viet Nam 25-26 Joint Response Plan Multiple Typhoons and Floods 2026""]"